Weekday,Date,Pick1,Pick2,Pick3,Pick4,Pick5,CB,Winners,WinnerLocation,LotteryRetailer,RetailerCity,Prize,PayoutOption,PrizeAmount,QuickPick,WinningTickets
Wednesday,8/24/2022,7,15,33,42,53,4,N,N/A,N/A,N/A,N/A,N/A,N/A,N/A,N/A
Tuesday,8/23/2022,6,20,21,34,49,2,N,N/A,N/A,N/A,N/A,N/A,N/A,N/A,N/A
Monday,8/22/2022,5,14,48,51,57,1,N,N/A,N/A,N/A,N/A,N/A,N/A,N/A,N/A
Sunday,8/21/2022,2,21,30,48,58,1,N,N/A,N/A,N/A,N/A,N/A,N/A,N/A,N/A
Saturday,8/20/2022,13,23,37,57,60,1,Y,"HOLIDAY, FL 34691",1552 7-ELEVEN 32852,"3437 US HIGHWAY 19, HOLIDAY","$1,000_WEEK",CASH OPTION,1000000,Y,1
Friday,8/19/2022,9,16,51,57,59,2,N,N/A,N/A,N/A,N/A,N/A,N/A,N/A,N/A
Thursday,8/18/2022,2,19,25,26,60,4,N,N/A,N/A,N/A,N/A,N/A,N/A,N/A,N/A
Wednesday,8/17/2022,31,33,39,48,53,3,N,N/A,N/A,N/A,N/A,N/A,N/A,N/A,N/A
Tuesday,8/16/2022,4,22,38,48,58,4,N,N/A,N/A,N/A,N/A,N/A,N/A,N/A,N/A
Monday,8/15/2022,10,11,17,42,58,4,N,N/A,N/A,N/A,N/A,N/A,N/A,N/A,N/A
Sunday,8/14/2022,12,21,45,51,57,2,N,N/A,N/A,N/A,N/A,N/A,N/A,N/A,N/A
Saturday,8/13/2022,5,9,27,33,57,2,N,N/A,N/A,N/A,N/A,N/A,N/A,N/A,N/A
Friday,8/12/2022,23,29,56,58,59,3,N,N/A,N/A,N/A,N/A,N/A,N/A,N/A,N/A
Thursday,8/11/2022,2,7,13,20,52,2,Y,"LARGO, FL 33770",PUBLIX 1034,"10411 ULMERTON ROAD, LARGO","$1,000_WEEK",CASH OPTION,1000000,Y,1
Wednesday,8/10/2022,15,26,45,49,53,1,N,N/A,N/A,N/A,N/A,N/A,N/A,N/A,N/A
Tuesday,8/9/2022,9,25,43,44,52,2,N,N/A,N/A,N/A,N/A,N/A,N/A,N/A,N/A
Monday,8/8/2022,24,26,50,51,58,1,N,N/A,N/A,N/A,N/A,N/A,N/A,N/A,N/A
Sunday,8/7/2022,7,27,34,42,50,1,N,N/A,N/A,N/A,N/A,N/A,N/A,N/A,N/A
Saturday,8/6/2022,13,16,42,57,58,2,N,N/A,N/A,N/A,N/A,N/A,N/A,N/A,N/A
Friday,8/5/2022,6,20,21,26,57,1,N,N/A,N/A,N/A,N/A,N/A,N/A,N/A,N/A
Thursday,8/4/2022,6,14,19,45,53,1,N,N/A,N/A,N/A,N/A,N/A,N/A,N/A,N/A
Wednesday,8/3/2022,2,13,42,47,48,4,N,N/A,N/A,N/A,N/A,N/A,N/A,N/A,N/A
Tuesday,8/2/2022,3,21,36,44,50,3,N,N/A,N/A,N/A,N/A,N/A,N/A,N/A,N/A
Monday,8/1/2022,11,20,36,40,46,2,N,N/A,N/A,N/A,N/A,N/A,N/A,N/A,N/A
Sunday,7/31/2022,16,23,29,59,60,3,N,N/A,N/A,N/A,N/A,N/A,N/A,N/A,N/A
Saturday,7/30/2022,20,24,31,39,60,4,N,N/A,N/A,N/A,N/A,N/A,N/A,N/A,N/A
Friday,7/29/2022,6,7,31,38,41,2,N,N/A,N/A,N/A,N/A,N/A,N/A,N/A,N/A
Thursday,7/28/2022,14,24,29,47,56,2,Y,"JACKSONVILLE, FL 32211",GRAND CENTRAL STATION,"7695 MERRILL ROAD, JACKSONVILLE","$1,000_WEEK",CASH OPTION,1000000,Y,1
Wednesday,7/27/2022,16,32,38,39,48,3,N,N/A,N/A,N/A,N/A,N/A,N/A,N/A,N/A
Tuesday,7/26/2022,11,25,26,41,45,4,N,N/A,N/A,N/A,N/A,N/A,N/A,N/A,N/A
Monday,7/25/2022,25,30,33,39,49,2,N,N/A,N/A,N/A,N/A,N/A,N/A,N/A,N/A
Sunday,7/24/2022,1,7,15,16,51,3,N,N/A,N/A,N/A,N/A,N/A,N/A,N/A,N/A
Saturday,7/23/2022,4,7,25,41,53,2,N,N/A,N/A,N/A,N/A,N/A,N/A,N/A,N/A
Friday,7/22/2022,1,15,19,26,49,3,N,N/A,N/A,N/A,N/A,N/A,N/A,N/A,N/A
Thursday,7/21/2022,7,10,19,21,54,4,N,N/A,N/A,N/A,N/A,N/A,N/A,N/A,N/A
Wednesday,7/20/2022,25,26,39,42,56,2,N,N/A,N/A,N/A,N/A,N/A,N/A,N/A,N/A
Tuesday,7/19/2022,3,36,38,42,51,1,N,N/A,N/A,N/A,N/A,N/A,N/A,N/A,N/A
Monday,7/18/2022,7,20,22,30,46,3,N,N/A,N/A,N/A,N/A,N/A,N/A,N/A,N/A
Sunday,7/17/2022,26,27,32,47,55,1,N,N/A,N/A,N/A,N/A,N/A,N/A,N/A,N/A
Saturday,7/16/2022,4,30,44,52,55,4,N,N/A,N/A,N/A,N/A,N/A,N/A,N/A,N/A
Friday,7/15/2022,4,6,7,17,46,1,N,N/A,N/A,N/A,N/A,N/A,N/A,N/A,N/A
Thursday,7/14/2022,5,22,23,44,59,4,N,N/A,N/A,N/A,N/A,N/A,N/A,N/A,N/A
Wednesday,7/13/2022,6,10,18,41,50,2,N,N/A,N/A,N/A,N/A,N/A,N/A,N/A,N/A
Tuesday,7/12/2022,8,28,35,46,57,4,N,N/A,N/A,N/A,N/A,N/A,N/A,N/A,N/A
Monday,7/11/2022,2,10,15,22,29,4,N,N/A,N/A,N/A,N/A,N/A,N/A,N/A,N/A
Sunday,7/10/2022,1,5,11,21,33,4,N,N/A,N/A,N/A,N/A,N/A,N/A,N/A,N/A
Saturday,7/9/2022,14,30,34,40,48,2,N,N/A,N/A,N/A,N/A,N/A,N/A,N/A,N/A
Friday,7/8/2022,7,20,25,42,45,2,N,N/A,N/A,N/A,N/A,N/A,N/A,N/A,N/A
Thursday,7/7/2022,28,31,37,47,58,4,N,N/A,N/A,N/A,N/A,N/A,N/A,N/A,N/A
Wednesday,7/6/2022,8,14,42,45,58,2,N,N/A,N/A,N/A,N/A,N/A,N/A,N/A,N/A
Tuesday,7/5/2022,8,26,37,38,57,1,N,N/A,N/A,N/A,N/A,N/A,N/A,N/A,N/A
Monday,7/4/2022,5,10,19,22,43,4,N,N/A,N/A,N/A,N/A,N/A,N/A,N/A,N/A
Sunday,7/3/2022,3,12,19,34,49,1,N,N/A,N/A,N/A,N/A,N/A,N/A,N/A,N/A
Saturday,7/2/2022,15,17,23,35,39,4,N,N/A,N/A,N/A,N/A,N/A,N/A,N/A,N/A
Friday,7/1/2022,11,15,25,39,43,3,N,N/A,N/A,N/A,N/A,N/A,N/A,N/A,N/A
Thursday,6/30/2022,6,9,20,31,34,2,N,N/A,N/A,N/A,N/A,N/A,N/A,N/A,N/A
Wednesday,6/29/2022,9,27,29,33,51,4,N,N/A,N/A,N/A,N/A,N/A,N/A,N/A,N/A
Tuesday,6/28/2022,21,34,36,38,45,3,N,N/A,N/A,N/A,N/A,N/A,N/A,N/A,N/A
Monday,6/27/2022,9,21,34,44,48,2,N,N/A,N/A,N/A,N/A,N/A,N/A,N/A,N/A
Sunday,6/26/2022,2,36,37,44,52,2,N,N/A,N/A,N/A,N/A,N/A,N/A,N/A,N/A
Saturday,6/25/2022,3,46,49,55,60,1,N,N/A,N/A,N/A,N/A,N/A,N/A,N/A,N/A
Friday,6/24/2022,13,48,49,50,60,2,N,N/A,N/A,N/A,N/A,N/A,N/A,N/A,N/A
Thursday,6/23/2022,2,10,40,52,56,2,N,N/A,N/A,N/A,N/A,N/A,N/A,N/A,N/A
Wednesday,6/22/2022,14,16,20,26,34,2,N,N/A,N/A,N/A,N/A,N/A,N/A,N/A,N/A
Tuesday,6/21/2022,22,25,43,48,59,2,N,N/A,N/A,N/A,N/A,N/A,N/A,N/A,N/A
Monday,6/20/2022,13,20,32,44,57,3,N,N/A,N/A,N/A,N/A,N/A,N/A,N/A,N/A
Sunday,6/19/2022,1,6,20,36,51,1,N,N/A,N/A,N/A,N/A,N/A,N/A,N/A,N/A
Saturday,6/18/2022,8,12,25,41,58,2,N,N/A,N/A,N/A,N/A,N/A,N/A,N/A,N/A
Friday,6/17/2022,11,13,42,55,57,4,N,N/A,N/A,N/A,N/A,N/A,N/A,N/A,N/A
Thursday,6/16/2022,1,4,11,28,43,3,N,N/A,N/A,N/A,N/A,N/A,N/A,N/A,N/A
Wednesday,6/15/2022,8,15,40,50,56,3,N,N/A,N/A,N/A,N/A,N/A,N/A,N/A,N/A
Tuesday,6/14/2022,8,17,27,31,44,2,N,N/A,N/A,N/A,N/A,N/A,N/A,N/A,N/A
Monday,6/13/2022,15,42,51,52,59,2,N,N/A,N/A,N/A,N/A,N/A,N/A,N/A,N/A
Sunday,6/12/2022,4,18,25,46,59,1,N,N/A,N/A,N/A,N/A,N/A,N/A,N/A,N/A
Saturday,6/11/2022,7,17,23,50,59,2,N,N/A,N/A,N/A,N/A,N/A,N/A,N/A,N/A
Friday,6/10/2022,7,8,22,33,38,2,N,N/A,N/A,N/A,N/A,N/A,N/A,N/A,N/A
Thursday,6/9/2022,1,7,24,53,56,2,N,N/A,N/A,N/A,N/A,N/A,N/A,N/A,N/A
Wednesday,6/8/2022,12,13,16,20,42,1,N,N/A,N/A,N/A,N/A,N/A,N/A,N/A,N/A
Tuesday,6/7/2022,9,33,49,50,59,4,N,N/A,N/A,N/A,N/A,N/A,N/A,N/A,N/A
Monday,6/6/2022,13,20,48,49,51,3,N,N/A,N/A,N/A,N/A,N/A,N/A,N/A,N/A
Sunday,6/5/2022,39,43,46,47,52,2,N,N/A,N/A,N/A,N/A,N/A,N/A,N/A,N/A
Saturday,6/4/2022,8,24,27,49,59,1,N,N/A,N/A,N/A,N/A,N/A,N/A,N/A,N/A
Friday,6/3/2022,9,22,23,51,55,4,N,N/A,N/A,N/A,N/A,N/A,N/A,N/A,N/A
Thursday,6/2/2022,12,40,54,55,60,3,N,N/A,N/A,N/A,N/A,N/A,N/A,N/A,N/A
Wednesday,6/1/2022,1,27,33,37,42,1,N,N/A,N/A,N/A,N/A,N/A,N/A,N/A,N/A
Tuesday,5/31/2022,25,34,35,56,58,1,N,N/A,N/A,N/A,N/A,N/A,N/A,N/A,N/A
Monday,5/30/2022,24,33,47,49,52,3,N,N/A,N/A,N/A,N/A,N/A,N/A,N/A,N/A
Sunday,5/29/2022,2,6,14,34,36,3,N,N/A,N/A,N/A,N/A,N/A,N/A,N/A,N/A
Saturday,5/28/2022,9,11,23,32,39,1,N,N/A,N/A,N/A,N/A,N/A,N/A,N/A,N/A
Friday,5/27/2022,9,12,27,49,50,4,N,N/A,N/A,N/A,N/A,N/A,N/A,N/A,N/A
Thursday,5/26/2022,3,9,33,57,58,1,N,N/A,N/A,N/A,N/A,N/A,N/A,N/A,N/A
Wednesday,5/25/2022,8,11,39,46,47,1,N,N/A,N/A,N/A,N/A,N/A,N/A,N/A,N/A
Tuesday,5/24/2022,7,22,26,30,40,3,N,N/A,N/A,N/A,N/A,N/A,N/A,N/A,N/A
Monday,5/23/2022,7,10,33,41,59,4,N,N/A,N/A,N/A,N/A,N/A,N/A,N/A,N/A
Sunday,5/22/2022,8,21,25,34,59,1,N,N/A,N/A,N/A,N/A,N/A,N/A,N/A,N/A
Saturday,5/21/2022,2,8,10,12,42,3,N,N/A,N/A,N/A,N/A,N/A,N/A,N/A,N/A
Friday,5/20/2022,2,38,43,47,55,1,N,N/A,N/A,N/A,N/A,N/A,N/A,N/A,N/A
Thursday,5/19/2022,41,47,51,58,60,3,N,N/A,N/A,N/A,N/A,N/A,N/A,N/A,N/A
Wednesday,5/18/2022,19,41,49,58,60,3,N,N/A,N/A,N/A,N/A,N/A,N/A,N/A,N/A
Tuesday,5/17/2022,23,24,30,41,49,2,N,N/A,N/A,N/A,N/A,N/A,N/A,N/A,N/A
Monday,5/16/2022,5,26,48,50,54,2,N,N/A,N/A,N/A,N/A,N/A,N/A,N/A,N/A
Sunday,5/15/2022,12,18,22,32,47,3,N,N/A,N/A,N/A,N/A,N/A,N/A,N/A,N/A
Saturday,5/14/2022,4,6,10,20,26,4,N,N/A,N/A,N/A,N/A,N/A,N/A,N/A,N/A
Friday,5/13/2022,30,38,47,57,59,2,N,N/A,N/A,N/A,N/A,N/A,N/A,N/A,N/A
Thursday,5/12/2022,17,40,41,53,60,2,N,N/A,N/A,N/A,N/A,N/A,N/A,N/A,N/A
Wednesday,5/11/2022,8,19,44,47,50,1,N,N/A,N/A,N/A,N/A,N/A,N/A,N/A,N/A
Tuesday,5/10/2022,1,8,34,36,48,1,N,N/A,N/A,N/A,N/A,N/A,N/A,N/A,N/A
Monday,5/9/2022,2,13,29,45,50,2,N,N/A,N/A,N/A,N/A,N/A,N/A,N/A,N/A
Sunday,5/8/2022,1,12,34,45,48,3,N,N/A,N/A,N/A,N/A,N/A,N/A,N/A,N/A
Saturday,5/7/2022,30,37,40,54,59,2,N,N/A,N/A,N/A,N/A,N/A,N/A,N/A,N/A
Friday,5/6/2022,3,4,14,53,60,4,N,N/A,N/A,N/A,N/A,N/A,N/A,N/A,N/A
Thursday,5/5/2022,15,23,29,39,54,2,N,N/A,N/A,N/A,N/A,N/A,N/A,N/A,N/A
Wednesday,5/4/2022,8,21,22,34,53,4,N,N/A,N/A,N/A,N/A,N/A,N/A,N/A,N/A
Tuesday,5/3/2022,8,22,23,35,51,3,N,N/A,N/A,N/A,N/A,N/A,N/A,N/A,N/A
Monday,5/2/2022,17,28,31,41,43,1,N,N/A,N/A,N/A,N/A,N/A,N/A,N/A,N/A
Sunday,5/1/2022,4,6,52,55,59,4,N,N/A,N/A,N/A,N/A,N/A,N/A,N/A,N/A
Saturday,4/30/2022,2,3,13,54,57,3,N,N/A,N/A,N/A,N/A,N/A,N/A,N/A,N/A
Friday,4/29/2022,6,9,41,45,47,4,N,N/A,N/A,N/A,N/A,N/A,N/A,N/A,N/A
Thursday,4/28/2022,15,23,46,55,57,2,N,N/A,N/A,N/A,N/A,N/A,N/A,N/A,N/A
Wednesday,4/27/2022,20,26,30,44,50,2,N,N/A,N/A,N/A,N/A,N/A,N/A,N/A,N/A
Tuesday,4/26/2022,12,31,35,53,57,4,N,N/A,N/A,N/A,N/A,N/A,N/A,N/A,N/A
Monday,4/25/2022,1,8,9,12,14,4,N,N/A,N/A,N/A,N/A,N/A,N/A,N/A,N/A
Sunday,4/24/2022,7,14,33,46,48,1,Y,"PANAMA CITY BEACH, FL 32408",LAGOON MART,"7807 NORTH LAGOON DRIVE, PANAMA CITY
BEACH","$1,000_WEEK",CASH OPTION,1000000,Y,1
Saturday,4/23/2022,8,16,31,43,55,4,N,N/A,N/A,N/A,N/A,N/A,N/A,N/A,N/A
Friday,4/22/2022,14,23,24,26,39,1,N,N/A,N/A,N/A,N/A,N/A,N/A,N/A,N/A
Thursday,4/21/2022,10,11,22,25,29,3,N,N/A,N/A,N/A,N/A,N/A,N/A,N/A,N/A
Wednesday,4/20/2022,28,33,48,53,55,1,N,N/A,N/A,N/A,N/A,N/A,N/A,N/A,N/A
Tuesday,4/19/2022,2,8,16,37,45,3,N,N/A,N/A,N/A,N/A,N/A,N/A,N/A,N/A
Monday,4/18/2022,5,33,37,41,50,2,N,N/A,N/A,N/A,N/A,N/A,N/A,N/A,N/A
Sunday,4/17/2022,14,27,40,57,59,1,N,N/A,N/A,N/A,N/A,N/A,N/A,N/A,N/A
Saturday,4/16/2022,3,13,28,42,59,2,N,N/A,N/A,N/A,N/A,N/A,N/A,N/A,N/A
Friday,4/15/2022,28,34,44,53,56,3,N,N/A,N/A,N/A,N/A,N/A,N/A,N/A,N/A
Thursday,4/14/2022,15,16,26,27,46,4,N,N/A,N/A,N/A,N/A,N/A,N/A,N/A,N/A
Wednesday,4/13/2022,2,4,34,38,60,2,N,N/A,N/A,N/A,N/A,N/A,N/A,N/A,N/A
Tuesday,4/12/2022,18,31,38,52,53,2,N,N/A,N/A,N/A,N/A,N/A,N/A,N/A,N/A
Monday,4/11/2022,14,37,38,54,59,2,N,N/A,N/A,N/A,N/A,N/A,N/A,N/A,N/A
Sunday,4/10/2022,4,22,25,28,38,2,N,N/A,N/A,N/A,N/A,N/A,N/A,N/A,N/A
Saturday,4/9/2022,4,24,36,47,49,2,N,N/A,N/A,N/A,N/A,N/A,N/A,N/A,N/A
Friday,4/8/2022,21,25,45,46,54,2,N,N/A,N/A,N/A,N/A,N/A,N/A,N/A,N/A
Thursday,4/7/2022,8,21,30,35,55,3,N,N/A,N/A,N/A,N/A,N/A,N/A,N/A,N/A
Wednesday,4/6/2022,18,20,43,53,60,3,N,N/A,N/A,N/A,N/A,N/A,N/A,N/A,N/A
Tuesday,4/5/2022,13,24,31,42,53,4,N,N/A,N/A,N/A,N/A,N/A,N/A,N/A,N/A
Monday,4/4/2022,16,21,43,49,53,1,N,N/A,N/A,N/A,N/A,N/A,N/A,N/A,N/A
Sunday,4/3/2022,3,7,14,26,39,1,N,N/A,N/A,N/A,N/A,N/A,N/A,N/A,N/A
Saturday,4/2/2022,3,14,16,33,52,2,N,N/A,N/A,N/A,N/A,N/A,N/A,N/A,N/A
Friday,4/1/2022,3,28,55,56,58,1,N,N/A,N/A,N/A,N/A,N/A,N/A,N/A,N/A
Thursday,3/31/2022,1,2,27,29,30,3,N,N/A,N/A,N/A,N/A,N/A,N/A,N/A,N/A
Wednesday,3/30/2022,5,23,42,56,57,1,N,N/A,N/A,N/A,N/A,N/A,N/A,N/A,N/A
Tuesday,3/29/2022,10,40,44,46,60,1,N,N/A,N/A,N/A,N/A,N/A,N/A,N/A,N/A
Monday,3/28/2022,8,17,24,44,48,4,N,N/A,N/A,N/A,N/A,N/A,N/A,N/A,N/A
Sunday,3/27/2022,12,18,26,42,58,3,N,N/A,N/A,N/A,N/A,N/A,N/A,N/A,N/A
Saturday,3/26/2022,3,15,38,42,48,3,N,N/A,N/A,N/A,N/A,N/A,N/A,N/A,N/A
Friday,3/25/2022,2,5,8,21,55,3,N,N/A,N/A,N/A,N/A,N/A,N/A,N/A,N/A
Thursday,3/24/2022,35,46,47,49,56,4,N,N/A,N/A,N/A,N/A,N/A,N/A,N/A,N/A
Wednesday,3/23/2022,12,21,25,46,50,4,N,N/A,N/A,N/A,N/A,N/A,N/A,N/A,N/A
Tuesday,3/22/2022,5,19,49,54,60,1,N,N/A,N/A,N/A,N/A,N/A,N/A,N/A,N/A
Monday,3/21/2022,26,45,49,51,52,1,N,N/A,N/A,N/A,N/A,N/A,N/A,N/A,N/A
Sunday,3/20/2022,5,6,12,26,40,1,N,N/A,N/A,N/A,N/A,N/A,N/A,N/A,N/A
Saturday,3/19/2022,4,24,29,32,50,1,N,N/A,N/A,N/A,N/A,N/A,N/A,N/A,N/A
Friday,3/18/2022,7,10,13,41,60,1,N,N/A,N/A,N/A,N/A,N/A,N/A,N/A,N/A
Thursday,3/17/2022,5,9,14,34,58,3,N,N/A,N/A,N/A,N/A,N/A,N/A,N/A,N/A
Wednesday,3/16/2022,10,11,13,26,29,4,N,N/A,N/A,N/A,N/A,N/A,N/A,N/A,N/A
Tuesday,3/15/2022,7,14,25,47,49,3,N,N/A,N/A,N/A,N/A,N/A,N/A,N/A,N/A
Monday,3/14/2022,9,19,27,45,55,4,N,N/A,N/A,N/A,N/A,N/A,N/A,N/A,N/A
Sunday,3/13/2022,7,15,16,18,60,1,N,N/A,N/A,N/A,N/A,N/A,N/A,N/A,N/A
Saturday,3/12/2022,4,34,38,39,44,2,N,N/A,N/A,N/A,N/A,N/A,N/A,N/A,N/A
Friday,3/11/2022,6,21,31,36,59,1,N,N/A,N/A,N/A,N/A,N/A,N/A,N/A,N/A
Thursday,3/10/2022,9,13,43,53,55,2,N,N/A,N/A,N/A,N/A,N/A,N/A,N/A,N/A
Wednesday,3/9/2022,12,21,23,37,56,1,N,N/A,N/A,N/A,N/A,N/A,N/A,N/A,N/A
Tuesday,3/8/2022,11,15,44,50,51,2,N,N/A,N/A,N/A,N/A,N/A,N/A,N/A,N/A
Monday,3/7/2022,12,13,15,26,55,1,N,N/A,N/A,N/A,N/A,N/A,N/A,N/A,N/A
Sunday,3/6/2022,8,13,39,55,59,3,N,N/A,N/A,N/A,N/A,N/A,N/A,N/A,N/A
Saturday,3/5/2022,17,37,40,42,45,2,N,N/A,N/A,N/A,N/A,N/A,N/A,N/A,N/A
Friday,3/4/2022,7,10,11,15,50,1,N,N/A,N/A,N/A,N/A,N/A,N/A,N/A,N/A
Thursday,3/3/2022,10,28,31,32,58,4,N,N/A,N/A,N/A,N/A,N/A,N/A,N/A,N/A
Wednesday,3/2/2022,7,30,45,47,54,3,N,N/A,N/A,N/A,N/A,N/A,N/A,N/A,N/A
Tuesday,3/1/2022,29,31,39,48,59,1,N,N/A,N/A,N/A,N/A,N/A,N/A,N/A,N/A
Monday,2/28/2022,17,21,27,30,54,2,N,N/A,N/A,N/A,N/A,N/A,N/A,N/A,N/A
Sunday,2/27/2022,32,36,41,58,60,4,N,N/A,N/A,N/A,N/A,N/A,N/A,N/A,N/A
Saturday,2/26/2022,4,42,44,51,54,4,N,N/A,N/A,N/A,N/A,N/A,N/A,N/A,N/A
Friday,2/25/2022,6,40,48,50,52,2,N,N/A,N/A,N/A,N/A,N/A,N/A,N/A,N/A
Thursday,2/24/2022,16,21,27,56,58,2,N,N/A,N/A,N/A,N/A,N/A,N/A,N/A,N/A
Wednesday,2/23/2022,27,36,40,46,53,3,N,N/A,N/A,N/A,N/A,N/A,N/A,N/A,N/A
Tuesday,2/22/2022,4,14,16,17,52,4,N,N/A,N/A,N/A,N/A,N/A,N/A,N/A,N/A
Monday,2/21/2022,4,40,42,54,58,3,Y,"MIAMI, FL 33175",PUBLIX 327,"13850 SW 8TH STREET, MIAMI","$1,000_DAY",CASH OPTION,7000000,Y,1
Sunday,2/20/2022,13,15,24,25,54,2,N,N/A,N/A,N/A,N/A,N/A,N/A,N/A,N/A
Saturday,2/19/2022,2,21,31,45,59,1,N,N/A,N/A,N/A,N/A,N/A,N/A,N/A,N/A
Friday,2/18/2022,13,34,43,48,52,2,N,N/A,N/A,N/A,N/A,N/A,N/A,N/A,N/A
Thursday,2/17/2022,9,11,14,21,35,2,N,N/A,N/A,N/A,N/A,N/A,N/A,N/A,N/A
Wednesday,2/16/2022,2,7,14,21,25,1,N,N/A,N/A,N/A,N/A,N/A,N/A,N/A,N/A
Tuesday,2/15/2022,14,27,36,41,53,4,N,N/A,N/A,N/A,N/A,N/A,N/A,N/A,N/A
Monday,2/14/2022,18,22,29,37,40,1,N,N/A,N/A,N/A,N/A,N/A,N/A,N/A,N/A
Sunday,2/13/2022,6,16,31,46,50,1,N,N/A,N/A,N/A,N/A,N/A,N/A,N/A,N/A
Saturday,2/12/2022,20,21,25,30,41,2,N,N/A,N/A,N/A,N/A,N/A,N/A,N/A,N/A
Friday,2/11/2022,19,20,25,55,57,2,N,N/A,N/A,N/A,N/A,N/A,N/A,N/A,N/A
Thursday,2/10/2022,3,28,36,46,53,1,N,N/A,N/A,N/A,N/A,N/A,N/A,N/A,N/A
Wednesday,2/9/2022,9,12,24,32,40,3,N,N/A,N/A,N/A,N/A,N/A,N/A,N/A,N/A
Tuesday,2/8/2022,5,10,35,42,56,1,N,N/A,N/A,N/A,N/A,N/A,N/A,N/A,N/A
Monday,2/7/2022,18,20,22,43,59,3,N,N/A,N/A,N/A,N/A,N/A,N/A,N/A,N/A
Sunday,2/6/2022,2,3,14,20,26,1,N,N/A,N/A,N/A,N/A,N/A,N/A,N/A,N/A
Saturday,2/5/2022,1,2,13,26,43,1,N,N/A,N/A,N/A,N/A,N/A,N/A,N/A,N/A
Friday,2/4/2022,20,22,24,37,39,4,N,N/A,N/A,N/A,N/A,N/A,N/A,N/A,N/A
Thursday,2/3/2022,11,25,28,34,37,4,N,N/A,N/A,N/A,N/A,N/A,N/A,N/A,N/A
Wednesday,2/2/2022,17,21,22,28,44,3,N,N/A,N/A,N/A,N/A,N/A,N/A,N/A,N/A
Tuesday,2/1/2022,20,24,30,41,53,4,N,N/A,N/A,N/A,N/A,N/A,N/A,N/A,N/A
Monday,1/31/2022,1,11,24,37,54,3,N,N/A,N/A,N/A,N/A,N/A,N/A,N/A,N/A
Sunday,1/30/2022,13,33,46,47,49,2,N,N/A,N/A,N/A,N/A,N/A,N/A,N/A,N/A
Saturday,1/29/2022,2,4,5,16,22,1,N,N/A,N/A,N/A,N/A,N/A,N/A,N/A,N/A
Friday,1/28/2022,17,27,31,43,51,1,N,N/A,N/A,N/A,N/A,N/A,N/A,N/A,N/A
Thursday,1/27/2022,19,39,43,49,51,3,N,N/A,N/A,N/A,N/A,N/A,N/A,N/A,N/A
Wednesday,1/26/2022,14,16,17,40,47,4,N,N/A,N/A,N/A,N/A,N/A,N/A,N/A,N/A
Tuesday,1/25/2022,14,15,19,30,38,3,N,N/A,N/A,N/A,N/A,N/A,N/A,N/A,N/A
Monday,1/24/2022,12,14,24,42,53,3,N,N/A,N/A,N/A,N/A,N/A,N/A,N/A,N/A
Sunday,1/23/2022,2,22,26,34,48,4,N,N/A,N/A,N/A,N/A,N/A,N/A,N/A,N/A
Saturday,1/22/2022,6,22,29,51,52,1,N,N/A,N/A,N/A,N/A,N/A,N/A,N/A,N/A
Friday,1/21/2022,5,21,24,36,46,2,N,N/A,N/A,N/A,N/A,N/A,N/A,N/A,N/A
Thursday,1/20/2022,5,26,38,46,58,1,N,N/A,N/A,N/A,N/A,N/A,N/A,N/A,N/A
Wednesday,1/19/2022,5,11,31,42,49,3,N,N/A,N/A,N/A,N/A,N/A,N/A,N/A,N/A
Tuesday,1/18/2022,30,33,52,53,60,1,N,N/A,N/A,N/A,N/A,N/A,N/A,N/A,N/A
Monday,1/17/2022,1,19,36,43,53,2,N,N/A,N/A,N/A,N/A,N/A,N/A,N/A,N/A
Sunday,1/16/2022,19,36,42,54,59,3,N,N/A,N/A,N/A,N/A,N/A,N/A,N/A,N/A
Saturday,1/15/2022,6,10,30,35,60,2,N,N/A,N/A,N/A,N/A,N/A,N/A,N/A,N/A
Friday,1/14/2022,15,19,29,37,58,2,N,N/A,N/A,N/A,N/A,N/A,N/A,N/A,N/A
Thursday,1/13/2022,22,34,38,42,50,1,N,N/A,N/A,N/A,N/A,N/A,N/A,N/A,N/A
Wednesday,1/12/2022,1,6,24,36,58,4,N,N/A,N/A,N/A,N/A,N/A,N/A,N/A,N/A
Tuesday,1/11/2022,4,26,46,53,58,4,N,N/A,N/A,N/A,N/A,N/A,N/A,N/A,N/A
Monday,1/10/2022,1,3,29,34,39,3,N,N/A,N/A,N/A,N/A,N/A,N/A,N/A,N/A
Sunday,1/9/2022,20,32,33,42,52,4,N,N/A,N/A,N/A,N/A,N/A,N/A,N/A,N/A
Saturday,1/8/2022,20,33,34,40,59,3,N,N/A,N/A,N/A,N/A,N/A,N/A,N/A,N/A
Friday,1/7/2022,22,23,45,54,55,3,N,N/A,N/A,N/A,N/A,N/A,N/A,N/A,N/A
Thursday,1/6/2022,1,13,15,28,52,1,N,N/A,N/A,N/A,N/A,N/A,N/A,N/A,N/A
Wednesday,1/5/2022,4,33,39,51,58,3,N,N/A,N/A,N/A,N/A,N/A,N/A,N/A,N/A
Tuesday,1/4/2022,5,13,19,20,29,2,Y,"HARMONY, FL 34773",WINN DIXIE 2207,"3318 CANOE CREEK ROAD, SAINT CLOUD","$1,000_WEEK",CASH OPTION,1000000,Y,1
Monday,1/3/2022,2,39,42,47,50,4,N,N/A,N/A,N/A,N/A,N/A,N/A,N/A,N/A
Sunday,1/2/2022,8,14,19,27,28,2,N,N/A,N/A,N/A,N/A,N/A,N/A,N/A,N/A
Saturday,1/1/2022,5,11,19,23,33,4,N,N/A,N/A,N/A,N/A,N/A,N/A,N/A,N/A
Friday,12/31/2021,8,13,34,46,60,2,N,N/A,N/A,N/A,N/A,N/A,N/A,N/A,N/A
Thursday,12/30/2021,6,25,43,55,56,3,N,N/A,N/A,N/A,N/A,N/A,N/A,N/A,N/A
Wednesday,12/29/2021,17,19,35,57,58,1,N,N/A,N/A,N/A,N/A,N/A,N/A,N/A,N/A
Tuesday,12/28/2021,13,24,35,49,50,3,N,N/A,N/A,N/A,N/A,N/A,N/A,N/A,N/A
Monday,12/27/2021,5,29,36,38,59,3,N,N/A,N/A,N/A,N/A,N/A,N/A,N/A,N/A
Sunday,12/26/2021,18,23,27,37,52,3,N,N/A,N/A,N/A,N/A,N/A,N/A,N/A,N/A
Saturday,12/25/2021,8,9,16,33,38,1,N,N/A,N/A,N/A,N/A,N/A,N/A,N/A,N/A
Friday,12/24/2021,12,15,32,58,60,2,N,N/A,N/A,N/A,N/A,N/A,N/A,N/A,N/A
Thursday,12/23/2021,14,19,30,31,43,3,N,N/A,N/A,N/A,N/A,N/A,N/A,N/A,N/A
Wednesday,12/22/2021,2,14,16,21,59,4,N,N/A,N/A,N/A,N/A,N/A,N/A,N/A,N/A
Tuesday,12/21/2021,3,17,30,40,45,1,N,N/A,N/A,N/A,N/A,N/A,N/A,N/A,N/A
Monday,12/20/2021,1,23,28,39,40,1,N,N/A,N/A,N/A,N/A,N/A,N/A,N/A,N/A
Sunday,12/19/2021,7,32,34,42,51,3,N,N/A,N/A,N/A,N/A,N/A,N/A,N/A,N/A
Saturday,12/18/2021,2,27,37,46,57,1,N,N/A,N/A,N/A,N/A,N/A,N/A,N/A,N/A
Friday,12/17/2021,5,22,24,45,57,1,N,N/A,N/A,N/A,N/A,N/A,N/A,N/A,N/A
Thursday,12/16/2021,12,16,34,45,57,1,N,N/A,N/A,N/A,N/A,N/A,N/A,N/A,N/A
Wednesday,12/15/2021,14,22,27,35,57,3,N,N/A,N/A,N/A,N/A,N/A,N/A,N/A,N/A
Tuesday,12/14/2021,15,19,23,38,39,4,N,N/A,N/A,N/A,N/A,N/A,N/A,N/A,N/A
Monday,12/13/2021,7,36,39,47,51,2,N,N/A,N/A,N/A,N/A,N/A,N/A,N/A,N/A
Sunday,12/12/2021,1,5,13,37,38,2,N,N/A,N/A,N/A,N/A,N/A,N/A,N/A,N/A
Saturday,12/11/2021,3,11,17,44,53,1,N,N/A,N/A,N/A,N/A,N/A,N/A,N/A,N/A
Friday,12/10/2021,17,33,40,53,60,3,N,N/A,N/A,N/A,N/A,N/A,N/A,N/A,N/A
Thursday,12/9/2021,17,25,34,38,49,2,N,N/A,N/A,N/A,N/A,N/A,N/A,N/A,N/A
Wednesday,12/8/2021,16,25,45,48,55,4,N,N/A,N/A,N/A,N/A,N/A,N/A,N/A,N/A
Tuesday,12/7/2021,13,31,36,45,59,1,N,N/A,N/A,N/A,N/A,N/A,N/A,N/A,N/A
Monday,12/6/2021,19,25,42,52,55,1,N,N/A,N/A,N/A,N/A,N/A,N/A,N/A,N/A
Sunday,12/5/2021,14,20,31,32,34,1,N,N/A,N/A,N/A,N/A,N/A,N/A,N/A,N/A
Saturday,12/4/2021,8,11,25,45,48,2,N,N/A,N/A,N/A,N/A,N/A,N/A,N/A,N/A
Friday,12/3/2021,13,26,39,44,47,2,N,N/A,N/A,N/A,N/A,N/A,N/A,N/A,N/A
Thursday,12/2/2021,40,45,47,55,58,1,N,N/A,N/A,N/A,N/A,N/A,N/A,N/A,N/A
Wednesday,12/1/2021,6,23,36,42,50,3,N,N/A,N/A,N/A,N/A,N/A,N/A,N/A,N/A
Tuesday,11/30/2021,11,13,44,47,51,4,N,N/A,N/A,N/A,N/A,N/A,N/A,N/A,N/A
Monday,11/29/2021,9,35,48,53,58,2,N,N/A,N/A,N/A,N/A,N/A,N/A,N/A,N/A
Sunday,11/28/2021,2,9,18,35,41,2,N,N/A,N/A,N/A,N/A,N/A,N/A,N/A,N/A
Saturday,11/27/2021,4,5,8,55,56,1,N,N/A,N/A,N/A,N/A,N/A,N/A,N/A,N/A
Friday,11/26/2021,20,23,27,38,40,2,N,N/A,N/A,N/A,N/A,N/A,N/A,N/A,N/A
Thursday,11/25/2021,24,39,40,43,46,2,N,N/A,N/A,N/A,N/A,N/A,N/A,N/A,N/A
Wednesday,11/24/2021,3,5,11,16,55,3,N,N/A,N/A,N/A,N/A,N/A,N/A,N/A,N/A
Tuesday,11/23/2021,25,27,30,41,56,1,N,N/A,N/A,N/A,N/A,N/A,N/A,N/A,N/A
Monday,11/22/2021,2,3,22,45,46,3,N,N/A,N/A,N/A,N/A,N/A,N/A,N/A,N/A
Sunday,11/21/2021,4,5,6,11,48,3,N,N/A,N/A,N/A,N/A,N/A,N/A,N/A,N/A
Saturday,11/20/2021,9,16,23,31,58,1,N,N/A,N/A,N/A,N/A,N/A,N/A,N/A,N/A
Friday,11/19/2021,8,27,30,37,39,2,N,N/A,N/A,N/A,N/A,N/A,N/A,N/A,N/A
Thursday,11/18/2021,18,24,31,47,60,3,N,N/A,N/A,N/A,N/A,N/A,N/A,N/A,N/A
Wednesday,11/17/2021,10,18,50,53,58,2,N,N/A,N/A,N/A,N/A,N/A,N/A,N/A,N/A
Tuesday,11/16/2021,9,10,35,44,58,3,N,N/A,N/A,N/A,N/A,N/A,N/A,N/A,N/A
Monday,11/15/2021,33,47,49,50,57,3,N,N/A,N/A,N/A,N/A,N/A,N/A,N/A,N/A
Sunday,11/14/2021,6,27,37,50,57,3,N,N/A,N/A,N/A,N/A,N/A,N/A,N/A,N/A
Saturday,11/13/2021,7,17,31,47,51,4,N,N/A,N/A,N/A,N/A,N/A,N/A,N/A,N/A
Friday,11/12/2021,5,8,32,34,57,1,N,N/A,N/A,N/A,N/A,N/A,N/A,N/A,N/A
Thursday,11/11/2021,5,21,31,45,47,3,N,N/A,N/A,N/A,N/A,N/A,N/A,N/A,N/A
Wednesday,11/10/2021,20,31,39,42,46,4,N,N/A,N/A,N/A,N/A,N/A,N/A,N/A,N/A
Tuesday,11/9/2021,15,41,56,57,59,1,N,N/A,N/A,N/A,N/A,N/A,N/A,N/A,N/A
Monday,11/8/2021,16,21,43,56,58,1,N,N/A,N/A,N/A,N/A,N/A,N/A,N/A,N/A
Sunday,11/7/2021,9,11,27,45,58,4,N,N/A,N/A,N/A,N/A,N/A,N/A,N/A,N/A
Saturday,11/6/2021,34,39,44,50,53,1,N,N/A,N/A,N/A,N/A,N/A,N/A,N/A,N/A
Friday,11/5/2021,8,30,31,43,51,2,N,N/A,N/A,N/A,N/A,N/A,N/A,N/A,N/A
Thursday,11/4/2021,7,37,47,53,55,3,N,N/A,N/A,N/A,N/A,N/A,N/A,N/A,N/A
Wednesday,11/3/2021,10,36,45,46,60,1,N,N/A,N/A,N/A,N/A,N/A,N/A,N/A,N/A
Tuesday,11/2/2021,15,28,33,39,50,3,N,N/A,N/A,N/A,N/A,N/A,N/A,N/A,N/A
Monday,11/1/2021,16,19,29,42,50,2,N,N/A,N/A,N/A,N/A,N/A,N/A,N/A,N/A
Sunday,10/31/2021,31,35,48,57,58,4,N,N/A,N/A,N/A,N/A,N/A,N/A,N/A,N/A
Saturday,10/30/2021,20,33,37,45,48,3,N,N/A,N/A,N/A,N/A,N/A,N/A,N/A,N/A
Friday,10/29/2021,29,34,39,47,54,1,N,N/A,N/A,N/A,N/A,N/A,N/A,N/A,N/A
Thursday,10/28/2021,6,8,9,10,42,1,N,N/A,N/A,N/A,N/A,N/A,N/A,N/A,N/A
Wednesday,10/27/2021,19,26,54,55,60,4,N,N/A,N/A,N/A,N/A,N/A,N/A,N/A,N/A
Tuesday,10/26/2021,3,5,23,37,46,4,N,N/A,N/A,N/A,N/A,N/A,N/A,N/A,N/A
Monday,10/25/2021,18,35,46,47,51,3,N,N/A,N/A,N/A,N/A,N/A,N/A,N/A,N/A
Sunday,10/24/2021,9,13,30,36,40,4,N,N/A,N/A,N/A,N/A,N/A,N/A,N/A,N/A
Saturday,10/23/2021,8,24,32,34,46,3,N,N/A,N/A,N/A,N/A,N/A,N/A,N/A,N/A
Friday,10/22/2021,16,46,51,52,54,2,N,N/A,N/A,N/A,N/A,N/A,N/A,N/A,N/A
Thursday,10/21/2021,7,20,35,52,60,2,N,N/A,N/A,N/A,N/A,N/A,N/A,N/A,N/A
Wednesday,10/20/2021,3,5,28,33,42,4,N,N/A,N/A,N/A,N/A,N/A,N/A,N/A,N/A
Tuesday,10/19/2021,9,32,34,35,52,2,N,N/A,N/A,N/A,N/A,N/A,N/A,N/A,N/A
Monday,10/18/2021,7,13,34,38,59,4,N,N/A,N/A,N/A,N/A,N/A,N/A,N/A,N/A
Sunday,10/17/2021,14,19,25,27,39,2,N,N/A,N/A,N/A,N/A,N/A,N/A,N/A,N/A
Saturday,10/16/2021,4,25,26,44,58,4,N,N/A,N/A,N/A,N/A,N/A,N/A,N/A,N/A
Friday,10/15/2021,4,11,21,34,38,3,N,N/A,N/A,N/A,N/A,N/A,N/A,N/A,N/A
Thursday,10/14/2021,7,8,34,55,56,3,N,N/A,N/A,N/A,N/A,N/A,N/A,N/A,N/A
Wednesday,10/13/2021,8,10,14,15,35,1,N,N/A,N/A,N/A,N/A,N/A,N/A,N/A,N/A
Tuesday,10/12/2021,9,20,22,53,57,1,N,N/A,N/A,N/A,N/A,N/A,N/A,N/A,N/A
Monday,10/11/2021,1,8,17,38,47,3,N,N/A,N/A,N/A,N/A,N/A,N/A,N/A,N/A
Sunday,10/10/2021,22,23,40,46,55,4,N,N/A,N/A,N/A,N/A,N/A,N/A,N/A,N/A
Saturday,10/9/2021,9,12,28,48,57,1,N,N/A,N/A,N/A,N/A,N/A,N/A,N/A,N/A
Friday,10/8/2021,16,26,38,42,56,2,N,N/A,N/A,N/A,N/A,N/A,N/A,N/A,N/A
Thursday,10/7/2021,6,10,21,38,48,2,Y,"TAMPA, FL 33616",PUBLIX 1722,"4315 W GANDY BOULEVARD, TAMPA","$1,000_WEEK",CASH OPTION,1000000,N,1
Wednesday,10/6/2021,2,10,14,28,31,3,N,N/A,N/A,N/A,N/A,N/A,N/A,N/A,N/A
Tuesday,10/5/2021,6,14,26,35,48,3,N,N/A,N/A,N/A,N/A,N/A,N/A,N/A,N/A
Monday,10/4/2021,16,27,43,48,56,1,N,N/A,N/A,N/A,N/A,N/A,N/A,N/A,N/A
Sunday,10/3/2021,18,24,50,52,59,1,N,N/A,N/A,N/A,N/A,N/A,N/A,N/A,N/A
Saturday,10/2/2021,2,14,17,26,55,1,N,N/A,N/A,N/A,N/A,N/A,N/A,N/A,N/A
Friday,10/1/2021,4,20,39,40,60,3,N,N/A,N/A,N/A,N/A,N/A,N/A,N/A,N/A
Thursday,9/30/2021,15,18,20,21,52,4,N,N/A,N/A,N/A,N/A,N/A,N/A,N/A,N/A
Wednesday,9/29/2021,17,20,22,32,56,3,N,N/A,N/A,N/A,N/A,N/A,N/A,N/A,N/A
Tuesday,9/28/2021,3,4,12,18,50,4,N,N/A,N/A,N/A,N/A,N/A,N/A,N/A,N/A
Monday,9/27/2021,3,10,11,21,46,3,N,N/A,N/A,N/A,N/A,N/A,N/A,N/A,N/A
Sunday,9/26/2021,8,9,16,33,37,4,N,N/A,N/A,N/A,N/A,N/A,N/A,N/A,N/A
Saturday,9/25/2021,5,24,37,47,52,4,N,N/A,N/A,N/A,N/A,N/A,N/A,N/A,N/A
Friday,9/24/2021,15,18,23,36,44,2,N,N/A,N/A,N/A,N/A,N/A,N/A,N/A,N/A
Thursday,9/23/2021,18,27,29,55,58,1,N,N/A,N/A,N/A,N/A,N/A,N/A,N/A,N/A
Wednesday,9/22/2021,20,30,47,50,55,4,N,N/A,N/A,N/A,N/A,N/A,N/A,N/A,N/A
Tuesday,9/21/2021,4,10,22,38,46,4,N,N/A,N/A,N/A,N/A,N/A,N/A,N/A,N/A
Monday,9/20/2021,24,26,29,43,52,2,N,N/A,N/A,N/A,N/A,N/A,N/A,N/A,N/A
Sunday,9/19/2021,2,24,26,35,43,4,N,N/A,N/A,N/A,N/A,N/A,N/A,N/A,N/A
Saturday,9/18/2021,15,23,24,29,48,2,N,N/A,N/A,N/A,N/A,N/A,N/A,N/A,N/A
Friday,9/17/2021,1,3,8,22,37,4,N,N/A,N/A,N/A,N/A,N/A,N/A,N/A,N/A
Thursday,9/16/2021,31,39,49,55,59,2,N,N/A,N/A,N/A,N/A,N/A,N/A,N/A,N/A
Wednesday,9/15/2021,22,23,35,43,45,2,N,N/A,N/A,N/A,N/A,N/A,N/A,N/A,N/A
Tuesday,9/14/2021,15,16,30,49,58,2,N,N/A,N/A,N/A,N/A,N/A,N/A,N/A,N/A
Monday,9/13/2021,4,6,40,41,60,3,Y,"CORAL GABLES, FL 33134","UNION PHARMACY & MEDICAL SUPPLIES
INC","6456 W FLAGLER STREET, MIAMI","$1,000_WEEK",CASH OPTION,1000000,Y,1
Sunday,9/12/2021,1,2,13,44,51,1,N,N/A,N/A,N/A,N/A,N/A,N/A,N/A,N/A
Saturday,9/11/2021,12,18,31,39,60,1,N,N/A,N/A,N/A,N/A,N/A,N/A,N/A,N/A
Friday,9/10/2021,9,12,15,28,58,1,N,N/A,N/A,N/A,N/A,N/A,N/A,N/A,N/A
Thursday,9/9/2021,3,23,30,55,58,1,N,N/A,N/A,N/A,N/A,N/A,N/A,N/A,N/A
Wednesday,9/8/2021,7,15,19,21,49,2,N,N/A,N/A,N/A,N/A,N/A,N/A,N/A,N/A
Tuesday,9/7/2021,6,12,30,34,58,2,N,N/A,N/A,N/A,N/A,N/A,N/A,N/A,N/A
Monday,9/6/2021,11,31,39,42,46,3,N,N/A,N/A,N/A,N/A,N/A,N/A,N/A,N/A
Sunday,9/5/2021,6,22,33,36,56,1,N,N/A,N/A,N/A,N/A,N/A,N/A,N/A,N/A
Saturday,9/4/2021,10,22,33,38,54,4,N,N/A,N/A,N/A,N/A,N/A,N/A,N/A,N/A
Friday,9/3/2021,33,36,45,51,56,3,N,N/A,N/A,N/A,N/A,N/A,N/A,N/A,N/A
Thursday,9/2/2021,10,13,26,34,55,2,N,N/A,N/A,N/A,N/A,N/A,N/A,N/A,N/A
Wednesday,9/1/2021,32,37,40,41,43,1,N,N/A,N/A,N/A,N/A,N/A,N/A,N/A,N/A
Tuesday,8/31/2021,5,8,13,15,32,3,N,N/A,N/A,N/A,N/A,N/A,N/A,N/A,N/A
Monday,8/30/2021,5,9,24,54,58,3,N,N/A,N/A,N/A,N/A,N/A,N/A,N/A,N/A
Sunday,8/29/2021,1,5,26,40,59,4,N,N/A,N/A,N/A,N/A,N/A,N/A,N/A,N/A
Saturday,8/28/2021,1,18,28,32,36,3,N,N/A,N/A,N/A,N/A,N/A,N/A,N/A,N/A
Friday,8/27/2021,2,16,31,36,56,4,N,N/A,N/A,N/A,N/A,N/A,N/A,N/A,N/A
Thursday,8/26/2021,1,4,11,46,52,2,N,N/A,N/A,N/A,N/A,N/A,N/A,N/A,N/A
Wednesday,8/25/2021,3,27,28,37,59,4,N,N/A,N/A,N/A,N/A,N/A,N/A,N/A,N/A
Tuesday,8/24/2021,6,10,14,28,58,1,N,N/A,N/A,N/A,N/A,N/A,N/A,N/A,N/A
Monday,8/23/2021,3,26,27,38,51,1,N,N/A,N/A,N/A,N/A,N/A,N/A,N/A,N/A
Sunday,8/22/2021,20,27,31,37,39,3,N,N/A,N/A,N/A,N/A,N/A,N/A,N/A,N/A
Saturday,8/21/2021,21,38,48,54,56,2,N,N/A,N/A,N/A,N/A,N/A,N/A,N/A,N/A
Friday,8/20/2021,29,36,46,50,60,1,N,N/A,N/A,N/A,N/A,N/A,N/A,N/A,N/A
Thursday,8/19/2021,3,28,33,43,51,3,N,N/A,N/A,N/A,N/A,N/A,N/A,N/A,N/A
Wednesday,8/18/2021,22,39,45,51,53,3,N,N/A,N/A,N/A,N/A,N/A,N/A,N/A,N/A
Tuesday,8/17/2021,9,14,15,36,54,4,N,N/A,N/A,N/A,N/A,N/A,N/A,N/A,N/A
Monday,8/16/2021,12,13,32,36,53,2,N,N/A,N/A,N/A,N/A,N/A,N/A,N/A,N/A
Sunday,8/15/2021,6,9,16,47,54,4,N,N/A,N/A,N/A,N/A,N/A,N/A,N/A,N/A
Saturday,8/14/2021,5,29,30,35,39,3,N,N/A,N/A,N/A,N/A,N/A,N/A,N/A,N/A
Friday,8/13/2021,10,27,41,51,58,1,N,N/A,N/A,N/A,N/A,N/A,N/A,N/A,N/A
Thursday,8/12/2021,9,10,15,28,46,3,N,N/A,N/A,N/A,N/A,N/A,N/A,N/A,N/A
Wednesday,8/11/2021,5,10,13,43,52,1,N,N/A,N/A,N/A,N/A,N/A,N/A,N/A,N/A
Tuesday,8/10/2021,1,4,9,21,51,3,N,N/A,N/A,N/A,N/A,N/A,N/A,N/A,N/A
Monday,8/9/2021,3,6,29,32,35,1,N,N/A,N/A,N/A,N/A,N/A,N/A,N/A,N/A
Sunday,8/8/2021,6,23,31,44,48,2,N,N/A,N/A,N/A,N/A,N/A,N/A,N/A,N/A
Saturday,8/7/2021,5,14,20,23,37,3,N,N/A,N/A,N/A,N/A,N/A,N/A,N/A,N/A
Friday,8/6/2021,4,9,20,33,43,2,N,N/A,N/A,N/A,N/A,N/A,N/A,N/A,N/A
Thursday,8/5/2021,4,10,11,34,59,4,N,N/A,N/A,N/A,N/A,N/A,N/A,N/A,N/A
Wednesday,8/4/2021,2,19,37,52,56,3,N,N/A,N/A,N/A,N/A,N/A,N/A,N/A,N/A
Tuesday,8/3/2021,25,42,48,49,53,4,N,N/A,N/A,N/A,N/A,N/A,N/A,N/A,N/A
Monday,8/2/2021,18,46,48,50,54,4,N,N/A,N/A,N/A,N/A,N/A,N/A,N/A,N/A
Sunday,8/1/2021,11,30,33,47,60,1,N,N/A,N/A,N/A,N/A,N/A,N/A,N/A,N/A
Saturday,7/31/2021,10,21,44,53,58,3,N,N/A,N/A,N/A,N/A,N/A,N/A,N/A,N/A
Friday,7/30/2021,2,12,15,33,46,1,N,N/A,N/A,N/A,N/A,N/A,N/A,N/A,N/A
Thursday,7/29/2021,4,18,26,34,42,2,N,N/A,N/A,N/A,N/A,N/A,N/A,N/A,N/A
Wednesday,7/28/2021,8,11,12,13,23,1,N,N/A,N/A,N/A,N/A,N/A,N/A,N/A,N/A
Tuesday,7/27/2021,12,20,22,55,59,3,N,N/A,N/A,N/A,N/A,N/A,N/A,N/A,N/A
Monday,7/26/2021,9,16,25,27,32,1,N,N/A,N/A,N/A,N/A,N/A,N/A,N/A,N/A
Sunday,7/25/2021,16,34,39,42,51,1,N,N/A,N/A,N/A,N/A,N/A,N/A,N/A,N/A
Saturday,7/24/2021,37,40,49,53,55,3,N,N/A,N/A,N/A,N/A,N/A,N/A,N/A,N/A
Friday,7/23/2021,3,29,37,42,46,2,N,N/A,N/A,N/A,N/A,N/A,N/A,N/A,N/A
Thursday,7/22/2021,36,50,51,52,55,1,N,N/A,N/A,N/A,N/A,N/A,N/A,N/A,N/A
Wednesday,7/21/2021,11,28,45,47,52,3,N,N/A,N/A,N/A,N/A,N/A,N/A,N/A,N/A
Tuesday,7/20/2021,7,14,51,55,58,4,N,N/A,N/A,N/A,N/A,N/A,N/A,N/A,N/A
Monday,7/19/2021,8,15,16,23,41,2,N,N/A,N/A,N/A,N/A,N/A,N/A,N/A,N/A
Sunday,7/18/2021,1,31,40,49,55,3,N,N/A,N/A,N/A,N/A,N/A,N/A,N/A,N/A
Saturday,7/17/2021,8,9,25,35,52,1,N,N/A,N/A,N/A,N/A,N/A,N/A,N/A,N/A
Friday,7/16/2021,3,9,14,41,46,1,N,N/A,N/A,N/A,N/A,N/A,N/A,N/A,N/A
Thursday,7/15/2021,11,21,39,40,60,1,N,N/A,N/A,N/A,N/A,N/A,N/A,N/A,N/A
Wednesday,7/14/2021,10,21,35,46,48,1,N,N/A,N/A,N/A,N/A,N/A,N/A,N/A,N/A
Tuesday,7/13/2021,3,23,29,33,46,4,N,N/A,N/A,N/A,N/A,N/A,N/A,N/A,N/A
Monday,7/12/2021,12,16,54,56,58,2,N,N/A,N/A,N/A,N/A,N/A,N/A,N/A,N/A
Sunday,7/11/2021,12,16,40,54,60,2,N,N/A,N/A,N/A,N/A,N/A,N/A,N/A,N/A
Saturday,7/10/2021,7,8,18,33,52,1,N,N/A,N/A,N/A,N/A,N/A,N/A,N/A,N/A
Friday,7/9/2021,18,29,40,42,56,2,N,N/A,N/A,N/A,N/A,N/A,N/A,N/A,N/A
Thursday,7/8/2021,1,8,15,21,48,2,N,N/A,N/A,N/A,N/A,N/A,N/A,N/A,N/A
Wednesday,7/7/2021,5,12,19,44,46,4,N,N/A,N/A,N/A,N/A,N/A,N/A,N/A,N/A
Tuesday,7/6/2021,18,25,30,41,49,2,N,N/A,N/A,N/A,N/A,N/A,N/A,N/A,N/A
Monday,7/5/2021,3,10,21,28,51,4,N,N/A,N/A,N/A,N/A,N/A,N/A,N/A,N/A
Sunday,7/4/2021,1,3,6,25,48,4,N,N/A,N/A,N/A,N/A,N/A,N/A,N/A,N/A
Saturday,7/3/2021,5,14,28,39,40,2,N,N/A,N/A,N/A,N/A,N/A,N/A,N/A,N/A
Friday,7/2/2021,1,9,12,13,20,1,N,N/A,N/A,N/A,N/A,N/A,N/A,N/A,N/A
Thursday,7/1/2021,5,32,45,46,54,3,N,N/A,N/A,N/A,N/A,N/A,N/A,N/A,N/A
Wednesday,6/30/2021,1,27,29,41,44,4,N,N/A,N/A,N/A,N/A,N/A,N/A,N/A,N/A
Tuesday,6/29/2021,1,9,15,30,41,4,N,N/A,N/A,N/A,N/A,N/A,N/A,N/A,N/A
Monday,6/28/2021,10,19,38,52,60,2,N,N/A,N/A,N/A,N/A,N/A,N/A,N/A,N/A
Sunday,6/27/2021,6,35,36,38,39,4,N,N/A,N/A,N/A,N/A,N/A,N/A,N/A,N/A
Saturday,6/26/2021,3,13,33,41,48,2,N,N/A,N/A,N/A,N/A,N/A,N/A,N/A,N/A
Friday,6/25/2021,9,28,44,46,53,3,N,N/A,N/A,N/A,N/A,N/A,N/A,N/A,N/A
Thursday,6/24/2021,13,39,41,48,50,4,N,N/A,N/A,N/A,N/A,N/A,N/A,N/A,N/A
Wednesday,6/23/2021,10,25,29,31,60,4,N,N/A,N/A,N/A,N/A,N/A,N/A,N/A,N/A
Tuesday,6/22/2021,5,7,17,19,33,2,N,N/A,N/A,N/A,N/A,N/A,N/A,N/A,N/A
Monday,6/21/2021,26,29,41,57,60,4,N,N/A,N/A,N/A,N/A,N/A,N/A,N/A,N/A
Sunday,6/20/2021,21,39,41,45,58,2,N,N/A,N/A,N/A,N/A,N/A,N/A,N/A,N/A
Saturday,6/19/2021,9,12,13,39,54,1,N,N/A,N/A,N/A,N/A,N/A,N/A,N/A,N/A
Friday,6/18/2021,11,20,26,56,57,1,N,N/A,N/A,N/A,N/A,N/A,N/A,N/A,N/A
Thursday,6/17/2021,3,18,23,50,53,4,N,N/A,N/A,N/A,N/A,N/A,N/A,N/A,N/A
Wednesday,6/16/2021,10,32,41,42,51,1,N,N/A,N/A,N/A,N/A,N/A,N/A,N/A,N/A
Tuesday,6/15/2021,2,5,11,35,59,1,N,N/A,N/A,N/A,N/A,N/A,N/A,N/A,N/A
Monday,6/14/2021,18,20,45,57,60,4,N,N/A,N/A,N/A,N/A,N/A,N/A,N/A,N/A
Sunday,6/13/2021,2,8,24,26,43,3,N,N/A,N/A,N/A,N/A,N/A,N/A,N/A,N/A
Saturday,6/12/2021,16,21,23,24,58,4,N,N/A,N/A,N/A,N/A,N/A,N/A,N/A,N/A
Friday,6/11/2021,8,24,47,48,56,2,N,N/A,N/A,N/A,N/A,N/A,N/A,N/A,N/A
Thursday,6/10/2021,13,19,22,36,55,1,N,N/A,N/A,N/A,N/A,N/A,N/A,N/A,N/A
Wednesday,6/9/2021,19,21,29,52,56,2,N,N/A,N/A,N/A,N/A,N/A,N/A,N/A,N/A
Tuesday,6/8/2021,4,7,9,10,41,4,N,N/A,N/A,N/A,N/A,N/A,N/A,N/A,N/A
Monday,6/7/2021,6,14,25,28,33,1,N,N/A,N/A,N/A,N/A,N/A,N/A,N/A,N/A
Sunday,6/6/2021,16,25,34,47,51,4,N,N/A,N/A,N/A,N/A,N/A,N/A,N/A,N/A
Saturday,6/5/2021,1,4,26,31,36,4,N,N/A,N/A,N/A,N/A,N/A,N/A,N/A,N/A
Friday,6/4/2021,6,30,33,49,52,4,N,N/A,N/A,N/A,N/A,N/A,N/A,N/A,N/A
Thursday,6/3/2021,5,7,14,29,40,2,N,N/A,N/A,N/A,N/A,N/A,N/A,N/A,N/A
Wednesday,6/2/2021,40,44,46,51,54,3,N,N/A,N/A,N/A,N/A,N/A,N/A,N/A,N/A
Tuesday,6/1/2021,21,25,31,54,57,2,N,N/A,N/A,N/A,N/A,N/A,N/A,N/A,N/A
Monday,5/31/2021,19,22,43,46,54,4,N,N/A,N/A,N/A,N/A,N/A,N/A,N/A,N/A
Sunday,5/30/2021,9,12,34,40,43,2,N,N/A,N/A,N/A,N/A,N/A,N/A,N/A,N/A
Saturday,5/29/2021,6,27,44,51,52,1,N,N/A,N/A,N/A,N/A,N/A,N/A,N/A,N/A
Friday,5/28/2021,10,11,26,27,57,2,N,N/A,N/A,N/A,N/A,N/A,N/A,N/A,N/A
Thursday,5/27/2021,5,14,21,38,42,3,N,N/A,N/A,N/A,N/A,N/A,N/A,N/A,N/A
Wednesday,5/26/2021,3,6,29,58,60,3,N,N/A,N/A,N/A,N/A,N/A,N/A,N/A,N/A
Tuesday,5/25/2021,1,16,28,38,41,4,N,N/A,N/A,N/A,N/A,N/A,N/A,N/A,N/A
Monday,5/24/2021,8,15,19,39,55,2,N,N/A,N/A,N/A,N/A,N/A,N/A,N/A,N/A
Sunday,5/23/2021,8,24,31,39,44,2,N,N/A,N/A,N/A,N/A,N/A,N/A,N/A,N/A
Saturday,5/22/2021,10,18,22,38,54,2,N,N/A,N/A,N/A,N/A,N/A,N/A,N/A,N/A
Friday,5/21/2021,6,15,23,47,56,1,N,N/A,N/A,N/A,N/A,N/A,N/A,N/A,N/A
Thursday,5/20/2021,1,21,23,50,55,4,N,N/A,N/A,N/A,N/A,N/A,N/A,N/A,N/A
Wednesday,5/19/2021,5,7,24,29,31,2,Y,"OCALA, FL 34470",WALMART 1847 LIQUOR BOX,"4980 E SILVER SPRINGS BLVD SUITE A,
OCALA","$1,000_WEEK",CASH OPTION,1000000,N,1
Tuesday,5/18/2021,7,18,29,39,40,4,N,N/A,N/A,N/A,N/A,N/A,N/A,N/A,N/A
Monday,5/17/2021,31,43,44,46,58,1,N,N/A,N/A,N/A,N/A,N/A,N/A,N/A,N/A
Sunday,5/16/2021,2,5,8,37,41,3,N,N/A,N/A,N/A,N/A,N/A,N/A,N/A,N/A
Saturday,5/15/2021,8,15,24,41,49,3,N,N/A,N/A,N/A,N/A,N/A,N/A,N/A,N/A
Friday,5/14/2021,3,5,26,35,60,1,N,N/A,N/A,N/A,N/A,N/A,N/A,N/A,N/A
Thursday,5/13/2021,9,33,37,47,55,3,N,N/A,N/A,N/A,N/A,N/A,N/A,N/A,N/A
Wednesday,5/12/2021,32,40,41,54,56,2,N,N/A,N/A,N/A,N/A,N/A,N/A,N/A,N/A
Tuesday,5/11/2021,6,21,25,56,57,2,N,N/A,N/A,N/A,N/A,N/A,N/A,N/A,N/A
Monday,5/10/2021,37,42,44,45,52,4,N,N/A,N/A,N/A,N/A,N/A,N/A,N/A,N/A
Sunday,5/9/2021,4,14,33,35,37,3,N,N/A,N/A,N/A,N/A,N/A,N/A,N/A,N/A
Saturday,5/8/2021,1,9,20,49,56,4,N,N/A,N/A,N/A,N/A,N/A,N/A,N/A,N/A
Friday,5/7/2021,14,20,21,30,47,2,N,N/A,N/A,N/A,N/A,N/A,N/A,N/A,N/A
Thursday,5/6/2021,6,9,16,20,25,4,N,N/A,N/A,N/A,N/A,N/A,N/A,N/A,N/A
Wednesday,5/5/2021,2,37,54,56,60,3,N,N/A,N/A,N/A,N/A,N/A,N/A,N/A,N/A
Tuesday,5/4/2021,24,28,40,50,54,1,N,N/A,N/A,N/A,N/A,N/A,N/A,N/A,N/A
Monday,5/3/2021,13,18,27,28,60,2,N,N/A,N/A,N/A,N/A,N/A,N/A,N/A,N/A
Sunday,5/2/2021,24,30,50,52,55,4,N,N/A,N/A,N/A,N/A,N/A,N/A,N/A,N/A
Saturday,5/1/2021,25,33,40,50,53,3,N,N/A,N/A,N/A,N/A,N/A,N/A,N/A,N/A
Friday,4/30/2021,9,10,32,52,60,1,N,N/A,N/A,N/A,N/A,N/A,N/A,N/A,N/A
Thursday,4/29/2021,4,29,40,41,47,1,N,N/A,N/A,N/A,N/A,N/A,N/A,N/A,N/A
Wednesday,4/28/2021,4,22,24,52,59,4,N,N/A,N/A,N/A,N/A,N/A,N/A,N/A,N/A
Tuesday,4/27/2021,2,11,20,27,41,4,N,N/A,N/A,N/A,N/A,N/A,N/A,N/A,N/A
Monday,4/26/2021,7,16,30,34,46,4,N,N/A,N/A,N/A,N/A,N/A,N/A,N/A,N/A
Sunday,4/25/2021,6,10,21,44,50,1,N,N/A,N/A,N/A,N/A,N/A,N/A,N/A,N/A
Saturday,4/24/2021,13,14,35,38,40,2,N,N/A,N/A,N/A,N/A,N/A,N/A,N/A,N/A
Friday,4/23/2021,13,19,22,35,50,4,N,N/A,N/A,N/A,N/A,N/A,N/A,N/A,N/A
Thursday,4/22/2021,4,8,13,40,59,1,N,N/A,N/A,N/A,N/A,N/A,N/A,N/A,N/A
Wednesday,4/21/2021,12,14,22,23,32,1,N,N/A,N/A,N/A,N/A,N/A,N/A,N/A,N/A
Tuesday,4/20/2021,13,19,42,52,56,1,N,N/A,N/A,N/A,N/A,N/A,N/A,N/A,N/A
Monday,4/19/2021,1,6,14,18,33,1,N,N/A,N/A,N/A,N/A,N/A,N/A,N/A,N/A
Sunday,4/18/2021,16,41,46,52,57,3,N,N/A,N/A,N/A,N/A,N/A,N/A,N/A,N/A
Saturday,4/17/2021,15,18,46,48,50,1,N,N/A,N/A,N/A,N/A,N/A,N/A,N/A,N/A
Friday,4/16/2021,4,11,22,33,36,3,N,N/A,N/A,N/A,N/A,N/A,N/A,N/A,N/A
Thursday,4/15/2021,18,24,44,46,49,4,N,N/A,N/A,N/A,N/A,N/A,N/A,N/A,N/A
Wednesday,4/14/2021,2,12,25,56,57,2,N,N/A,N/A,N/A,N/A,N/A,N/A,N/A,N/A
Tuesday,4/13/2021,9,30,35,38,59,2,N,N/A,N/A,N/A,N/A,N/A,N/A,N/A,N/A
Monday,4/12/2021,4,23,26,37,56,3,N,N/A,N/A,N/A,N/A,N/A,N/A,N/A,N/A
Sunday,4/11/2021,1,8,19,39,50,1,N,N/A,N/A,N/A,N/A,N/A,N/A,N/A,N/A
Saturday,4/10/2021,29,30,35,51,55,4,N,N/A,N/A,N/A,N/A,N/A,N/A,N/A,N/A
Friday,4/9/2021,4,9,35,40,57,1,N,N/A,N/A,N/A,N/A,N/A,N/A,N/A,N/A
Thursday,4/8/2021,9,16,42,54,58,2,N,N/A,N/A,N/A,N/A,N/A,N/A,N/A,N/A
Wednesday,4/7/2021,31,33,39,48,50,4,N,N/A,N/A,N/A,N/A,N/A,N/A,N/A,N/A
Tuesday,4/6/2021,21,23,25,34,51,2,N,N/A,N/A,N/A,N/A,N/A,N/A,N/A,N/A
Monday,4/5/2021,19,21,26,39,52,3,N,N/A,N/A,N/A,N/A,N/A,N/A,N/A,N/A
Sunday,4/4/2021,11,17,18,26,54,1,N,N/A,N/A,N/A,N/A,N/A,N/A,N/A,N/A
Saturday,4/3/2021,2,5,24,44,57,2,N,N/A,N/A,N/A,N/A,N/A,N/A,N/A,N/A
Friday,4/2/2021,10,31,32,41,60,1,N,N/A,N/A,N/A,N/A,N/A,N/A,N/A,N/A
Thursday,4/1/2021,19,36,41,46,55,1,N,N/A,N/A,N/A,N/A,N/A,N/A,N/A,N/A
Wednesday,3/31/2021,2,27,35,46,55,2,N,N/A,N/A,N/A,N/A,N/A,N/A,N/A,N/A
Tuesday,3/30/2021,10,13,33,36,58,3,N,N/A,N/A,N/A,N/A,N/A,N/A,N/A,N/A
Monday,3/29/2021,5,28,35,39,60,1,N,N/A,N/A,N/A,N/A,N/A,N/A,N/A,N/A
Sunday,3/28/2021,2,3,7,19,49,1,N,N/A,N/A,N/A,N/A,N/A,N/A,N/A,N/A
Saturday,3/27/2021,7,15,31,48,56,2,N,N/A,N/A,N/A,N/A,N/A,N/A,N/A,N/A
Friday,3/26/2021,5,12,24,42,59,3,N,N/A,N/A,N/A,N/A,N/A,N/A,N/A,N/A
Thursday,3/25/2021,1,3,13,28,49,3,N,N/A,N/A,N/A,N/A,N/A,N/A,N/A,N/A
Wednesday,3/24/2021,13,14,15,16,41,2,N,N/A,N/A,N/A,N/A,N/A,N/A,N/A,N/A
Tuesday,3/23/2021,4,6,12,20,51,4,N,N/A,N/A,N/A,N/A,N/A,N/A,N/A,N/A
Monday,3/22/2021,9,26,31,47,58,2,N,N/A,N/A,N/A,N/A,N/A,N/A,N/A,N/A
Sunday,3/21/2021,2,16,41,55,58,2,N,N/A,N/A,N/A,N/A,N/A,N/A,N/A,N/A
Saturday,3/20/2021,28,33,38,50,59,2,N,N/A,N/A,N/A,N/A,N/A,N/A,N/A,N/A
Friday,3/19/2021,10,17,25,35,44,2,N,N/A,N/A,N/A,N/A,N/A,N/A,N/A,N/A
Thursday,3/18/2021,9,21,22,37,59,1,N,N/A,N/A,N/A,N/A,N/A,N/A,N/A,N/A
Wednesday,3/17/2021,3,26,27,34,36,2,N,N/A,N/A,N/A,N/A,N/A,N/A,N/A,N/A
Tuesday,3/16/2021,21,44,45,53,58,3,N,N/A,N/A,N/A,N/A,N/A,N/A,N/A,N/A
Monday,3/15/2021,4,12,37,46,60,4,N,N/A,N/A,N/A,N/A,N/A,N/A,N/A,N/A
Sunday,3/14/2021,5,9,16,53,57,1,N,N/A,N/A,N/A,N/A,N/A,N/A,N/A,N/A
Saturday,3/13/2021,24,25,32,40,48,1,N,N/A,N/A,N/A,N/A,N/A,N/A,N/A,N/A
Friday,3/12/2021,6,21,26,41,48,4,N,N/A,N/A,N/A,N/A,N/A,N/A,N/A,N/A
Thursday,3/11/2021,9,19,26,27,57,2,N,N/A,N/A,N/A,N/A,N/A,N/A,N/A,N/A
Wednesday,3/10/2021,3,5,18,28,31,2,N,N/A,N/A,N/A,N/A,N/A,N/A,N/A,N/A
Tuesday,3/9/2021,6,16,25,40,49,1,N,N/A,N/A,N/A,N/A,N/A,N/A,N/A,N/A
Monday,3/8/2021,10,17,26,51,52,1,N,N/A,N/A,N/A,N/A,N/A,N/A,N/A,N/A
Sunday,3/7/2021,21,26,39,55,57,3,N,N/A,N/A,N/A,N/A,N/A,N/A,N/A,N/A
Saturday,3/6/2021,2,7,21,32,37,1,N,N/A,N/A,N/A,N/A,N/A,N/A,N/A,N/A
Friday,3/5/2021,12,27,52,57,60,4,N,N/A,N/A,N/A,N/A,N/A,N/A,N/A,N/A
Thursday,3/4/2021,27,40,42,55,57,4,N,N/A,N/A,N/A,N/A,N/A,N/A,N/A,N/A
Wednesday,3/3/2021,15,16,20,42,57,2,N,N/A,N/A,N/A,N/A,N/A,N/A,N/A,N/A
Tuesday,3/2/2021,26,44,49,51,54,1,N,N/A,N/A,N/A,N/A,N/A,N/A,N/A,N/A
Monday,3/1/2021,1,7,45,50,53,2,N,N/A,N/A,N/A,N/A,N/A,N/A,N/A,N/A
Sunday,2/28/2021,2,16,23,48,60,4,N,N/A,N/A,N/A,N/A,N/A,N/A,N/A,N/A
Saturday,2/27/2021,8,18,33,38,53,1,N,N/A,N/A,N/A,N/A,N/A,N/A,N/A,N/A
Friday,2/26/2021,12,16,32,36,51,4,N,N/A,N/A,N/A,N/A,N/A,N/A,N/A,N/A
Thursday,2/25/2021,6,8,47,52,54,3,N,N/A,N/A,N/A,N/A,N/A,N/A,N/A,N/A
Wednesday,2/24/2021,1,16,43,58,60,1,N,N/A,N/A,N/A,N/A,N/A,N/A,N/A,N/A
Tuesday,2/23/2021,4,17,27,35,49,1,N,N/A,N/A,N/A,N/A,N/A,N/A,N/A,N/A
Monday,2/22/2021,21,22,24,28,41,4,N,N/A,N/A,N/A,N/A,N/A,N/A,N/A,N/A
Sunday,2/21/2021,6,9,44,51,54,2,N,N/A,N/A,N/A,N/A,N/A,N/A,N/A,N/A
Saturday,2/20/2021,6,36,49,51,54,3,N,N/A,N/A,N/A,N/A,N/A,N/A,N/A,N/A
Friday,2/19/2021,6,19,32,35,47,4,N,N/A,N/A,N/A,N/A,N/A,N/A,N/A,N/A
Thursday,2/18/2021,20,27,32,41,55,2,N,N/A,N/A,N/A,N/A,N/A,N/A,N/A,N/A
Wednesday,2/17/2021,3,12,39,52,57,4,N,N/A,N/A,N/A,N/A,N/A,N/A,N/A,N/A
Tuesday,2/16/2021,11,21,32,33,54,1,N,N/A,N/A,N/A,N/A,N/A,N/A,N/A,N/A
Monday,2/15/2021,8,18,21,28,46,3,N,N/A,N/A,N/A,N/A,N/A,N/A,N/A,N/A
Sunday,2/14/2021,16,22,50,52,57,4,N,N/A,N/A,N/A,N/A,N/A,N/A,N/A,N/A
Saturday,2/13/2021,3,45,52,56,58,3,N,N/A,N/A,N/A,N/A,N/A,N/A,N/A,N/A
Friday,2/12/2021,30,37,40,58,60,3,N,N/A,N/A,N/A,N/A,N/A,N/A,N/A,N/A
Thursday,2/11/2021,8,9,24,32,36,2,N,N/A,N/A,N/A,N/A,N/A,N/A,N/A,N/A
Wednesday,2/10/2021,4,17,23,27,38,3,N,N/A,N/A,N/A,N/A,N/A,N/A,N/A,N/A
Tuesday,2/9/2021,27,35,38,52,57,2,N,N/A,N/A,N/A,N/A,N/A,N/A,N/A,N/A
Monday,2/8/2021,19,27,33,57,59,1,N,N/A,N/A,N/A,N/A,N/A,N/A,N/A,N/A
Sunday,2/7/2021,1,7,16,44,47,2,N,N/A,N/A,N/A,N/A,N/A,N/A,N/A,N/A
Saturday,2/6/2021,22,40,47,52,59,2,N,N/A,N/A,N/A,N/A,N/A,N/A,N/A,N/A
Friday,2/5/2021,27,31,39,45,48,4,N,N/A,N/A,N/A,N/A,N/A,N/A,N/A,N/A
Thursday,2/4/2021,25,39,42,49,55,1,N,N/A,N/A,N/A,N/A,N/A,N/A,N/A,N/A
Wednesday,2/3/2021,16,35,37,50,55,4,N,N/A,N/A,N/A,N/A,N/A,N/A,N/A,N/A
Tuesday,2/2/2021,2,6,11,13,56,1,N,N/A,N/A,N/A,N/A,N/A,N/A,N/A,N/A
Monday,2/1/2021,18,26,33,58,59,4,N,N/A,N/A,N/A,N/A,N/A,N/A,N/A,N/A
Sunday,1/31/2021,5,6,14,35,51,3,N,N/A,N/A,N/A,N/A,N/A,N/A,N/A,N/A
Saturday,1/30/2021,3,31,33,43,44,3,N,N/A,N/A,N/A,N/A,N/A,N/A,N/A,N/A
Friday,1/29/2021,8,9,19,22,23,4,N,N/A,N/A,N/A,N/A,N/A,N/A,N/A,N/A
Thursday,1/28/2021,3,31,39,57,59,3,N,N/A,N/A,N/A,N/A,N/A,N/A,N/A,N/A
Wednesday,1/27/2021,2,8,13,38,48,3,N,N/A,N/A,N/A,N/A,N/A,N/A,N/A,N/A
Tuesday,1/26/2021,19,24,38,40,60,2,N,N/A,N/A,N/A,N/A,N/A,N/A,N/A,N/A
Monday,1/25/2021,24,32,35,43,55,4,N,N/A,N/A,N/A,N/A,N/A,N/A,N/A,N/A
Sunday,1/24/2021,11,25,40,53,59,4,Y,"PEMBROKE PINES, FL 33027",PUBLIX 0396,"4901 SW 148TH AVENUE, SOUTHWEST
RANCHES","$1,000_WEEK",CASH OPTION,1000000,Y,1
Saturday,1/23/2021,15,20,29,37,55,4,N,N/A,N/A,N/A,N/A,N/A,N/A,N/A,N/A
Friday,1/22/2021,2,15,19,41,43,1,N,N/A,N/A,N/A,N/A,N/A,N/A,N/A,N/A
Thursday,1/21/2021,13,16,36,38,53,4,N,N/A,N/A,N/A,N/A,N/A,N/A,N/A,N/A
Wednesday,1/20/2021,8,13,14,44,52,4,N,N/A,N/A,N/A,N/A,N/A,N/A,N/A,N/A
Tuesday,1/19/2021,12,21,26,33,38,1,N,N/A,N/A,N/A,N/A,N/A,N/A,N/A,N/A
Monday,1/18/2021,4,6,7,33,53,1,N,N/A,N/A,N/A,N/A,N/A,N/A,N/A,N/A
Sunday,1/17/2021,29,35,42,48,49,1,N,N/A,N/A,N/A,N/A,N/A,N/A,N/A,N/A
Saturday,1/16/2021,15,23,26,32,57,4,N,N/A,N/A,N/A,N/A,N/A,N/A,N/A,N/A
Friday,1/15/2021,10,18,37,38,51,1,N,N/A,N/A,N/A,N/A,N/A,N/A,N/A,N/A
Thursday,1/14/2021,1,10,17,32,39,1,N,N/A,N/A,N/A,N/A,N/A,N/A,N/A,N/A
Wednesday,1/13/2021,5,12,13,14,26,4,N,N/A,N/A,N/A,N/A,N/A,N/A,N/A,N/A
Tuesday,1/12/2021,28,32,40,41,44,2,N,N/A,N/A,N/A,N/A,N/A,N/A,N/A,N/A
Monday,1/11/2021,18,30,41,48,54,1,N,N/A,N/A,N/A,N/A,N/A,N/A,N/A,N/A
Sunday,1/10/2021,5,43,46,49,52,4,N,N/A,N/A,N/A,N/A,N/A,N/A,N/A,N/A
Saturday,1/9/2021,19,27,46,49,50,1,N,N/A,N/A,N/A,N/A,N/A,N/A,N/A,N/A
Friday,1/8/2021,3,9,22,44,47,2,N,N/A,N/A,N/A,N/A,N/A,N/A,N/A,N/A
Thursday,1/7/2021,32,36,47,55,57,3,N,N/A,N/A,N/A,N/A,N/A,N/A,N/A,N/A
Wednesday,1/6/2021,5,6,16,22,33,2,Y,"MIAMI GARDENS, FL 33056",LAUDERDALE BP,"345 SW 24TH STREET, FORT LAUDERDALE","$1,000_DAY",CASH OPTION,7000000,N,1
Tuesday,1/5/2021,19,29,45,51,52,2,N,N/A,N/A,N/A,N/A,N/A,N/A,N/A,N/A
Monday,1/4/2021,3,24,43,47,51,3,N,N/A,N/A,N/A,N/A,N/A,N/A,N/A,N/A
Sunday,1/3/2021,10,15,21,25,30,4,N,N/A,N/A,N/A,N/A,N/A,N/A,N/A,N/A
Saturday,1/2/2021,31,33,35,37,50,3,N,N/A,N/A,N/A,N/A,N/A,N/A,N/A,N/A
Friday,1/1/2021,9,17,23,37,47,1,N,N/A,N/A,N/A,N/A,N/A,N/A,N/A,N/A
Thursday,12/31/2020,11,28,40,48,57,4,N,N/A,N/A,N/A,N/A,N/A,N/A,N/A,N/A
Wednesday,12/30/2020,2,19,28,29,30,3,N,N/A,N/A,N/A,N/A,N/A,N/A,N/A,N/A
Tuesday,12/29/2020,12,21,23,24,36,1,N,N/A,N/A,N/A,N/A,N/A,N/A,N/A,N/A
Monday,12/28/2020,37,44,55,59,60,3,N,N/A,N/A,N/A,N/A,N/A,N/A,N/A,N/A
Sunday,12/27/2020,28,35,36,42,53,2,N,N/A,N/A,N/A,N/A,N/A,N/A,N/A,N/A
Saturday,12/26/2020,3,36,42,51,58,4,N,N/A,N/A,N/A,N/A,N/A,N/A,N/A,N/A
Friday,12/25/2020,4,26,44,56,57,2,N,N/A,N/A,N/A,N/A,N/A,N/A,N/A,N/A
Thursday,12/24/2020,14,22,32,34,52,2,N,N/A,N/A,N/A,N/A,N/A,N/A,N/A,N/A
Wednesday,12/23/2020,1,18,21,23,32,4,N,N/A,N/A,N/A,N/A,N/A,N/A,N/A,N/A
Tuesday,12/22/2020,1,5,15,27,46,2,N,N/A,N/A,N/A,N/A,N/A,N/A,N/A,N/A
Monday,12/21/2020,12,29,32,38,60,1,N,N/A,N/A,N/A,N/A,N/A,N/A,N/A,N/A
Sunday,12/20/2020,20,21,36,47,53,3,N,N/A,N/A,N/A,N/A,N/A,N/A,N/A,N/A
Saturday,12/19/2020,25,31,48,56,57,3,N,N/A,N/A,N/A,N/A,N/A,N/A,N/A,N/A
Friday,12/18/2020,2,38,44,52,57,3,N,N/A,N/A,N/A,N/A,N/A,N/A,N/A,N/A
Thursday,12/17/2020,11,19,25,35,59,2,N,N/A,N/A,N/A,N/A,N/A,N/A,N/A,N/A
Wednesday,12/16/2020,1,4,8,10,37,2,N,N/A,N/A,N/A,N/A,N/A,N/A,N/A,N/A
Tuesday,12/15/2020,16,27,42,49,57,1,N,N/A,N/A,N/A,N/A,N/A,N/A,N/A,N/A
Monday,12/14/2020,6,15,21,33,42,3,N,N/A,N/A,N/A,N/A,N/A,N/A,N/A,N/A
Sunday,12/13/2020,16,32,33,42,53,3,N,N/A,N/A,N/A,N/A,N/A,N/A,N/A,N/A
Saturday,12/12/2020,13,34,39,45,60,1,N,N/A,N/A,N/A,N/A,N/A,N/A,N/A,N/A
Friday,12/11/2020,25,34,36,49,57,1,N,N/A,N/A,N/A,N/A,N/A,N/A,N/A,N/A
Thursday,12/10/2020,11,23,27,45,49,1,N,N/A,N/A,N/A,N/A,N/A,N/A,N/A,N/A
Wednesday,12/9/2020,13,31,37,39,57,4,N,N/A,N/A,N/A,N/A,N/A,N/A,N/A,N/A
Tuesday,12/8/2020,19,21,24,28,30,3,N,N/A,N/A,N/A,N/A,N/A,N/A,N/A,N/A
Monday,12/7/2020,13,16,22,40,49,1,N,N/A,N/A,N/A,N/A,N/A,N/A,N/A,N/A
Sunday,12/6/2020,4,26,30,38,59,1,N,N/A,N/A,N/A,N/A,N/A,N/A,N/A,N/A
Saturday,12/5/2020,8,16,45,48,57,3,N,N/A,N/A,N/A,N/A,N/A,N/A,N/A,N/A
Friday,12/4/2020,9,21,27,48,56,4,N,N/A,N/A,N/A,N/A,N/A,N/A,N/A,N/A
Thursday,12/3/2020,6,10,14,31,59,2,N,N/A,N/A,N/A,N/A,N/A,N/A,N/A,N/A
Wednesday,12/2/2020,16,22,33,44,51,1,N,N/A,N/A,N/A,N/A,N/A,N/A,N/A,N/A
Tuesday,12/1/2020,1,2,25,48,53,4,N,N/A,N/A,N/A,N/A,N/A,N/A,N/A,N/A
Monday,11/30/2020,3,25,35,46,57,1,N,N/A,N/A,N/A,N/A,N/A,N/A,N/A,N/A
Sunday,11/29/2020,9,17,18,28,38,3,N,N/A,N/A,N/A,N/A,N/A,N/A,N/A,N/A
Saturday,11/28/2020,11,13,23,49,58,2,N,N/A,N/A,N/A,N/A,N/A,N/A,N/A,N/A
Friday,11/27/2020,12,14,20,28,51,3,N,N/A,N/A,N/A,N/A,N/A,N/A,N/A,N/A
Thursday,11/26/2020,4,9,21,27,40,4,N,N/A,N/A,N/A,N/A,N/A,N/A,N/A,N/A
Wednesday,11/25/2020,10,18,25,27,56,4,N,N/A,N/A,N/A,N/A,N/A,N/A,N/A,N/A
Tuesday,11/24/2020,14,27,46,52,57,1,N,N/A,N/A,N/A,N/A,N/A,N/A,N/A,N/A
Monday,11/23/2020,5,11,40,55,59,2,N,N/A,N/A,N/A,N/A,N/A,N/A,N/A,N/A
Sunday,11/22/2020,4,25,26,35,36,4,N,N/A,N/A,N/A,N/A,N/A,N/A,N/A,N/A
Saturday,11/21/2020,4,8,35,40,54,3,N,N/A,N/A,N/A,N/A,N/A,N/A,N/A,N/A
Friday,11/20/2020,11,29,32,51,60,4,N,N/A,N/A,N/A,N/A,N/A,N/A,N/A,N/A
Thursday,11/19/2020,16,17,18,37,58,4,N,N/A,N/A,N/A,N/A,N/A,N/A,N/A,N/A
Wednesday,11/18/2020,7,24,38,48,51,3,N,N/A,N/A,N/A,N/A,N/A,N/A,N/A,N/A
Tuesday,11/17/2020,15,31,43,45,54,3,N,N/A,N/A,N/A,N/A,N/A,N/A,N/A,N/A
Monday,11/16/2020,12,16,42,44,59,3,N,N/A,N/A,N/A,N/A,N/A,N/A,N/A,N/A
Sunday,11/15/2020,19,20,32,35,49,1,N,N/A,N/A,N/A,N/A,N/A,N/A,N/A,N/A
Saturday,11/14/2020,19,20,47,56,60,4,N,N/A,N/A,N/A,N/A,N/A,N/A,N/A,N/A
Friday,11/13/2020,12,18,23,29,46,4,N,N/A,N/A,N/A,N/A,N/A,N/A,N/A,N/A
Thursday,11/12/2020,20,25,38,49,51,3,N,N/A,N/A,N/A,N/A,N/A,N/A,N/A,N/A
Wednesday,11/11/2020,7,20,30,41,56,4,N,N/A,N/A,N/A,N/A,N/A,N/A,N/A,N/A
Tuesday,11/10/2020,14,19,26,36,43,3,N,N/A,N/A,N/A,N/A,N/A,N/A,N/A,N/A
Monday,11/9/2020,10,27,40,45,49,1,N,N/A,N/A,N/A,N/A,N/A,N/A,N/A,N/A
Sunday,11/8/2020,19,30,38,41,55,1,N,N/A,N/A,N/A,N/A,N/A,N/A,N/A,N/A
Saturday,11/7/2020,2,3,18,43,49,3,N,N/A,N/A,N/A,N/A,N/A,N/A,N/A,N/A
Friday,11/6/2020,19,20,22,31,35,3,N,N/A,N/A,N/A,N/A,N/A,N/A,N/A,N/A
Thursday,11/5/2020,5,7,11,17,41,3,N,N/A,N/A,N/A,N/A,N/A,N/A,N/A,N/A
Wednesday,11/4/2020,11,23,34,39,54,3,N,N/A,N/A,N/A,N/A,N/A,N/A,N/A,N/A
Tuesday,11/3/2020,3,8,9,29,34,1,N,N/A,N/A,N/A,N/A,N/A,N/A,N/A,N/A
Monday,11/2/2020,13,16,28,36,56,2,N,N/A,N/A,N/A,N/A,N/A,N/A,N/A,N/A
Sunday,11/1/2020,2,12,28,50,60,1,N,N/A,N/A,N/A,N/A,N/A,N/A,N/A,N/A
Saturday,10/31/2020,24,33,35,39,40,1,N,N/A,N/A,N/A,N/A,N/A,N/A,N/A,N/A
Friday,10/30/2020,13,19,35,48,52,4,N,N/A,N/A,N/A,N/A,N/A,N/A,N/A,N/A
Thursday,10/29/2020,2,31,40,52,53,2,N,N/A,N/A,N/A,N/A,N/A,N/A,N/A,N/A
Wednesday,10/28/2020,12,15,29,45,56,4,N,N/A,N/A,N/A,N/A,N/A,N/A,N/A,N/A
Tuesday,10/27/2020,1,13,21,30,41,2,N,N/A,N/A,N/A,N/A,N/A,N/A,N/A,N/A
Monday,10/26/2020,1,6,19,58,59,1,N,N/A,N/A,N/A,N/A,N/A,N/A,N/A,N/A
Sunday,10/25/2020,14,39,44,45,53,4,N,N/A,N/A,N/A,N/A,N/A,N/A,N/A,N/A
Saturday,10/24/2020,18,25,31,33,42,3,N,N/A,N/A,N/A,N/A,N/A,N/A,N/A,N/A
Friday,10/23/2020,4,13,16,34,40,4,N,N/A,N/A,N/A,N/A,N/A,N/A,N/A,N/A
Thursday,10/22/2020,14,15,26,29,52,1,N,N/A,N/A,N/A,N/A,N/A,N/A,N/A,N/A
Wednesday,10/21/2020,3,7,16,45,52,4,N,N/A,N/A,N/A,N/A,N/A,N/A,N/A,N/A
Tuesday,10/20/2020,11,25,34,42,53,2,N,N/A,N/A,N/A,N/A,N/A,N/A,N/A,N/A
Monday,10/19/2020,23,24,30,34,58,3,N,N/A,N/A,N/A,N/A,N/A,N/A,N/A,N/A
Sunday,10/18/2020,10,25,33,37,53,2,N,N/A,N/A,N/A,N/A,N/A,N/A,N/A,N/A
Saturday,10/17/2020,17,18,23,28,33,2,N,N/A,N/A,N/A,N/A,N/A,N/A,N/A,N/A
Friday,10/16/2020,1,2,20,36,37,1,N,N/A,N/A,N/A,N/A,N/A,N/A,N/A,N/A
Thursday,10/15/2020,24,37,42,57,58,4,N,N/A,N/A,N/A,N/A,N/A,N/A,N/A,N/A
Wednesday,10/14/2020,31,36,45,56,60,4,N,N/A,N/A,N/A,N/A,N/A,N/A,N/A,N/A
Tuesday,10/13/2020,5,14,35,47,51,1,N,N/A,N/A,N/A,N/A,N/A,N/A,N/A,N/A
Monday,10/12/2020,2,14,25,32,35,1,N,N/A,N/A,N/A,N/A,N/A,N/A,N/A,N/A
Sunday,10/11/2020,4,14,41,42,54,4,N,N/A,N/A,N/A,N/A,N/A,N/A,N/A,N/A
Saturday,10/10/2020,5,14,20,31,42,3,N,N/A,N/A,N/A,N/A,N/A,N/A,N/A,N/A
Friday,10/9/2020,16,24,39,48,51,2,N,N/A,N/A,N/A,N/A,N/A,N/A,N/A,N/A
Thursday,10/8/2020,26,31,34,40,52,1,N,N/A,N/A,N/A,N/A,N/A,N/A,N/A,N/A
Wednesday,10/7/2020,8,18,30,44,49,4,N,N/A,N/A,N/A,N/A,N/A,N/A,N/A,N/A
Tuesday,10/6/2020,2,9,34,43,52,4,N,N/A,N/A,N/A,N/A,N/A,N/A,N/A,N/A
Monday,10/5/2020,1,3,35,37,42,4,N,N/A,N/A,N/A,N/A,N/A,N/A,N/A,N/A
Sunday,10/4/2020,14,33,36,50,51,3,N,N/A,N/A,N/A,N/A,N/A,N/A,N/A,N/A
Saturday,10/3/2020,5,8,42,45,47,1,N,N/A,N/A,N/A,N/A,N/A,N/A,N/A,N/A
Friday,10/2/2020,2,26,29,35,53,3,N,N/A,N/A,N/A,N/A,N/A,N/A,N/A,N/A
Thursday,10/1/2020,7,23,37,49,52,3,N,N/A,N/A,N/A,N/A,N/A,N/A,N/A,N/A
Wednesday,9/30/2020,1,16,39,41,58,4,N,N/A,N/A,N/A,N/A,N/A,N/A,N/A,N/A
Tuesday,9/29/2020,6,10,37,46,52,4,N,N/A,N/A,N/A,N/A,N/A,N/A,N/A,N/A
Monday,9/28/2020,4,14,16,31,47,4,N,N/A,N/A,N/A,N/A,N/A,N/A,N/A,N/A
Sunday,9/27/2020,4,6,9,50,59,2,N,N/A,N/A,N/A,N/A,N/A,N/A,N/A,N/A
Saturday,9/26/2020,12,15,27,45,46,1,N,N/A,N/A,N/A,N/A,N/A,N/A,N/A,N/A
Friday,9/25/2020,12,20,34,35,56,1,N,N/A,N/A,N/A,N/A,N/A,N/A,N/A,N/A
Thursday,9/24/2020,18,20,43,45,60,2,N,N/A,N/A,N/A,N/A,N/A,N/A,N/A,N/A
Wednesday,9/23/2020,10,28,36,38,45,1,N,N/A,N/A,N/A,N/A,N/A,N/A,N/A,N/A
Tuesday,9/22/2020,1,8,17,20,56,1,N,N/A,N/A,N/A,N/A,N/A,N/A,N/A,N/A
Monday,9/21/2020,6,18,21,51,52,4,N,N/A,N/A,N/A,N/A,N/A,N/A,N/A,N/A
Sunday,9/20/2020,9,12,29,44,57,4,N,N/A,N/A,N/A,N/A,N/A,N/A,N/A,N/A
Saturday,9/19/2020,7,11,36,40,50,1,N,N/A,N/A,N/A,N/A,N/A,N/A,N/A,N/A
Friday,9/18/2020,14,33,39,46,59,1,N,N/A,N/A,N/A,N/A,N/A,N/A,N/A,N/A
Thursday,9/17/2020,9,15,34,35,59,3,N,N/A,N/A,N/A,N/A,N/A,N/A,N/A,N/A
Wednesday,9/16/2020,6,7,30,32,39,3,N,N/A,N/A,N/A,N/A,N/A,N/A,N/A,N/A
Tuesday,9/15/2020,6,22,36,37,50,3,N,N/A,N/A,N/A,N/A,N/A,N/A,N/A,N/A
Monday,9/14/2020,14,35,41,43,60,3,N,N/A,N/A,N/A,N/A,N/A,N/A,N/A,N/A
Sunday,9/13/2020,1,19,27,44,46,1,N,N/A,N/A,N/A,N/A,N/A,N/A,N/A,N/A
Saturday,9/12/2020,11,14,20,22,32,2,N,N/A,N/A,N/A,N/A,N/A,N/A,N/A,N/A
Friday,9/11/2020,24,27,28,38,53,2,N,N/A,N/A,N/A,N/A,N/A,N/A,N/A,N/A
Thursday,9/10/2020,10,18,24,27,57,3,N,N/A,N/A,N/A,N/A,N/A,N/A,N/A,N/A
Wednesday,9/9/2020,7,15,32,52,59,2,N,N/A,N/A,N/A,N/A,N/A,N/A,N/A,N/A
Tuesday,9/8/2020,2,15,18,23,53,3,N,N/A,N/A,N/A,N/A,N/A,N/A,N/A,N/A
Monday,9/7/2020,1,2,20,37,56,3,N,N/A,N/A,N/A,N/A,N/A,N/A,N/A,N/A
Sunday,9/6/2020,10,17,31,35,51,3,N,N/A,N/A,N/A,N/A,N/A,N/A,N/A,N/A
Saturday,9/5/2020,8,22,34,44,45,1,N,N/A,N/A,N/A,N/A,N/A,N/A,N/A,N/A
Friday,9/4/2020,9,11,15,31,44,1,N,N/A,N/A,N/A,N/A,N/A,N/A,N/A,N/A
Thursday,9/3/2020,18,28,41,43,48,1,N,N/A,N/A,N/A,N/A,N/A,N/A,N/A,N/A
Wednesday,9/2/2020,3,6,29,42,59,2,N,N/A,N/A,N/A,N/A,N/A,N/A,N/A,N/A
Tuesday,9/1/2020,26,29,30,33,36,3,N,N/A,N/A,N/A,N/A,N/A,N/A,N/A,N/A
Monday,8/31/2020,12,16,20,34,40,1,N,N/A,N/A,N/A,N/A,N/A,N/A,N/A,N/A
Sunday,8/30/2020,3,12,18,29,33,1,N,N/A,N/A,N/A,N/A,N/A,N/A,N/A,N/A
Saturday,8/29/2020,14,32,39,41,59,1,N,N/A,N/A,N/A,N/A,N/A,N/A,N/A,N/A
Friday,8/28/2020,27,29,33,34,57,4,N,N/A,N/A,N/A,N/A,N/A,N/A,N/A,N/A
Thursday,8/27/2020,6,26,30,39,41,2,N,N/A,N/A,N/A,N/A,N/A,N/A,N/A,N/A
Wednesday,8/26/2020,7,10,15,17,30,3,N,N/A,N/A,N/A,N/A,N/A,N/A,N/A,N/A
Tuesday,8/25/2020,1,12,28,47,49,4,N,N/A,N/A,N/A,N/A,N/A,N/A,N/A,N/A
Monday,8/24/2020,2,4,5,12,22,1,N,N/A,N/A,N/A,N/A,N/A,N/A,N/A,N/A
Sunday,8/23/2020,6,8,27,33,39,4,N,N/A,N/A,N/A,N/A,N/A,N/A,N/A,N/A
Saturday,8/22/2020,8,12,17,25,36,4,N,N/A,N/A,N/A,N/A,N/A,N/A,N/A,N/A
Friday,8/21/2020,3,30,38,40,60,3,N,N/A,N/A,N/A,N/A,N/A,N/A,N/A,N/A
Thursday,8/20/2020,10,15,23,35,59,2,N,N/A,N/A,N/A,N/A,N/A,N/A,N/A,N/A
Wednesday,8/19/2020,16,21,32,41,56,3,N,N/A,N/A,N/A,N/A,N/A,N/A,N/A,N/A
Tuesday,8/18/2020,25,31,47,48,59,1,N,N/A,N/A,N/A,N/A,N/A,N/A,N/A,N/A
Monday,8/17/2020,13,23,26,32,35,4,N,N/A,N/A,N/A,N/A,N/A,N/A,N/A,N/A
Sunday,8/16/2020,10,27,30,38,46,2,N,N/A,N/A,N/A,N/A,N/A,N/A,N/A,N/A
Saturday,8/15/2020,4,10,20,45,54,4,N,N/A,N/A,N/A,N/A,N/A,N/A,N/A,N/A
Friday,8/14/2020,12,24,35,42,54,2,N,N/A,N/A,N/A,N/A,N/A,N/A,N/A,N/A
Thursday,8/13/2020,25,31,38,48,49,3,N,N/A,N/A,N/A,N/A,N/A,N/A,N/A,N/A
Wednesday,8/12/2020,12,19,22,42,56,2,N,N/A,N/A,N/A,N/A,N/A,N/A,N/A,N/A
Tuesday,8/11/2020,27,45,46,48,60,2,N,N/A,N/A,N/A,N/A,N/A,N/A,N/A,N/A
Monday,8/10/2020,2,7,9,20,55,4,N,N/A,N/A,N/A,N/A,N/A,N/A,N/A,N/A
Sunday,8/9/2020,5,13,14,26,59,2,N,N/A,N/A,N/A,N/A,N/A,N/A,N/A,N/A
Saturday,8/8/2020,21,37,41,43,60,1,N,N/A,N/A,N/A,N/A,N/A,N/A,N/A,N/A
Friday,8/7/2020,4,9,45,57,60,2,N,N/A,N/A,N/A,N/A,N/A,N/A,N/A,N/A
Thursday,8/6/2020,1,19,31,35,55,3,N,N/A,N/A,N/A,N/A,N/A,N/A,N/A,N/A
Wednesday,8/5/2020,24,27,42,44,50,2,N,N/A,N/A,N/A,N/A,N/A,N/A,N/A,N/A
Tuesday,8/4/2020,16,17,27,31,43,4,N,N/A,N/A,N/A,N/A,N/A,N/A,N/A,N/A
Monday,8/3/2020,10,15,28,36,48,2,N,N/A,N/A,N/A,N/A,N/A,N/A,N/A,N/A
Sunday,8/2/2020,2,11,19,27,30,4,Y,"MIAMI GARDENS, FL 33054",CARAF OIL,"15685 NW 22ND AVENUE, OPA LOCKA","$1,000_WEEK",CASH OPTION,1000000,N,1
Saturday,8/1/2020,13,23,38,48,59,4,N,N/A,N/A,N/A,N/A,N/A,N/A,N/A,N/A
Friday,7/31/2020,11,12,26,27,32,3,N,N/A,N/A,N/A,N/A,N/A,N/A,N/A,N/A
Thursday,7/30/2020,8,12,18,54,58,1,N,N/A,N/A,N/A,N/A,N/A,N/A,N/A,N/A
Wednesday,7/29/2020,8,11,21,36,39,2,Y,"BROOKWOOD, AL 35444",SOUTHERN PIT STOP,"9321 N CENTURY BOULEVARD, CENTURY","$1,000_DAY",CASH OPTION,7000000,N,1
Tuesday,7/28/2020,7,14,15,19,45,4,N,N/A,N/A,N/A,N/A,N/A,N/A,N/A,N/A
Monday,7/27/2020,10,15,32,37,50,2,N,N/A,N/A,N/A,N/A,N/A,N/A,N/A,N/A
Sunday,7/26/2020,4,7,34,50,54,3,N,N/A,N/A,N/A,N/A,N/A,N/A,N/A,N/A
Saturday,7/25/2020,10,22,44,45,59,3,N,N/A,N/A,N/A,N/A,N/A,N/A,N/A,N/A
Friday,7/24/2020,21,24,30,31,33,2,N,N/A,N/A,N/A,N/A,N/A,N/A,N/A,N/A
Thursday,7/23/2020,8,30,46,47,50,4,N,N/A,N/A,N/A,N/A,N/A,N/A,N/A,N/A
Wednesday,7/22/2020,7,30,47,50,58,1,N,N/A,N/A,N/A,N/A,N/A,N/A,N/A,N/A
Tuesday,7/21/2020,4,6,16,17,18,4,N,N/A,N/A,N/A,N/A,N/A,N/A,N/A,N/A
Monday,7/20/2020,24,33,39,40,46,4,N,N/A,N/A,N/A,N/A,N/A,N/A,N/A,N/A
Sunday,7/19/2020,14,27,34,36,45,4,N,N/A,N/A,N/A,N/A,N/A,N/A,N/A,N/A
Saturday,7/18/2020,6,8,48,57,60,1,N,N/A,N/A,N/A,N/A,N/A,N/A,N/A,N/A
Friday,7/17/2020,6,7,29,44,50,4,N,N/A,N/A,N/A,N/A,N/A,N/A,N/A,N/A
Thursday,7/16/2020,12,21,23,25,57,2,N,N/A,N/A,N/A,N/A,N/A,N/A,N/A,N/A
Wednesday,7/15/2020,6,21,29,57,58,3,N,N/A,N/A,N/A,N/A,N/A,N/A,N/A,N/A
Tuesday,7/14/2020,11,19,31,36,37,3,N,N/A,N/A,N/A,N/A,N/A,N/A,N/A,N/A
Monday,7/13/2020,11,12,33,36,49,4,N,N/A,N/A,N/A,N/A,N/A,N/A,N/A,N/A
Sunday,7/12/2020,2,11,13,43,59,4,N,N/A,N/A,N/A,N/A,N/A,N/A,N/A,N/A
Saturday,7/11/2020,5,11,22,27,41,4,N,N/A,N/A,N/A,N/A,N/A,N/A,N/A,N/A
Friday,7/10/2020,13,17,27,39,50,4,N,N/A,N/A,N/A,N/A,N/A,N/A,N/A,N/A
Thursday,7/9/2020,2,13,14,29,39,1,N,N/A,N/A,N/A,N/A,N/A,N/A,N/A,N/A
Wednesday,7/8/2020,4,13,15,19,26,1,N,N/A,N/A,N/A,N/A,N/A,N/A,N/A,N/A
Tuesday,7/7/2020,9,12,17,22,37,1,N,N/A,N/A,N/A,N/A,N/A,N/A,N/A,N/A
Monday,7/6/2020,19,31,33,36,37,4,N,N/A,N/A,N/A,N/A,N/A,N/A,N/A,N/A
Sunday,7/5/2020,11,15,21,52,58,3,N,N/A,N/A,N/A,N/A,N/A,N/A,N/A,N/A
Saturday,7/4/2020,3,9,18,19,20,1,N,N/A,N/A,N/A,N/A,N/A,N/A,N/A,N/A
Friday,7/3/2020,7,23,28,42,47,1,N,N/A,N/A,N/A,N/A,N/A,N/A,N/A,N/A
Thursday,7/2/2020,11,33,42,54,57,4,N,N/A,N/A,N/A,N/A,N/A,N/A,N/A,N/A
Wednesday,7/1/2020,21,31,34,38,47,1,N,N/A,N/A,N/A,N/A,N/A,N/A,N/A,N/A
Tuesday,6/30/2020,3,15,30,32,39,4,N,N/A,N/A,N/A,N/A,N/A,N/A,N/A,N/A
Monday,6/29/2020,10,12,16,17,32,1,N,N/A,N/A,N/A,N/A,N/A,N/A,N/A,N/A
Sunday,6/28/2020,15,23,44,46,54,2,N,N/A,N/A,N/A,N/A,N/A,N/A,N/A,N/A
Saturday,6/27/2020,9,26,29,42,59,2,N,N/A,N/A,N/A,N/A,N/A,N/A,N/A,N/A
Friday,6/26/2020,13,14,15,35,42,4,N,N/A,N/A,N/A,N/A,N/A,N/A,N/A,N/A
Thursday,6/25/2020,20,37,43,45,50,2,N,N/A,N/A,N/A,N/A,N/A,N/A,N/A,N/A
Wednesday,6/24/2020,25,41,57,59,60,3,Y,"POMPANO BEACH, FL 33060",VALERO,"2699 W OAKLAND PARK BOULEVARD,
OAKLAND PARK","$1,000_WEEK",CASH OPTION,1000000,Y-Free,1
Tuesday,6/23/2020,11,45,50,52,59,3,N,N/A,N/A,N/A,N/A,N/A,N/A,N/A,N/A
Monday,6/22/2020,7,14,46,48,58,4,N,N/A,N/A,N/A,N/A,N/A,N/A,N/A,N/A
Sunday,6/21/2020,14,17,20,40,47,2,N,N/A,N/A,N/A,N/A,N/A,N/A,N/A,N/A
Saturday,6/20/2020,5,19,22,50,54,2,N,N/A,N/A,N/A,N/A,N/A,N/A,N/A,N/A
Friday,6/19/2020,20,38,40,47,49,2,N,N/A,N/A,N/A,N/A,N/A,N/A,N/A,N/A
Thursday,6/18/2020,2,29,30,37,41,3,N,N/A,N/A,N/A,N/A,N/A,N/A,N/A,N/A
Wednesday,6/17/2020,10,28,51,54,57,4,N,N/A,N/A,N/A,N/A,N/A,N/A,N/A,N/A
Tuesday,6/16/2020,6,15,29,48,56,1,N,N/A,N/A,N/A,N/A,N/A,N/A,N/A,N/A
Monday,6/15/2020,18,31,34,43,55,2,N,N/A,N/A,N/A,N/A,N/A,N/A,N/A,N/A
Sunday,6/14/2020,6,10,11,19,40,2,N,N/A,N/A,N/A,N/A,N/A,N/A,N/A,N/A
Saturday,6/13/2020,11,19,31,50,58,4,N,N/A,N/A,N/A,N/A,N/A,N/A,N/A,N/A
Friday,6/12/2020,1,15,20,34,56,2,N,N/A,N/A,N/A,N/A,N/A,N/A,N/A,N/A
Thursday,6/11/2020,20,35,44,50,51,2,N,N/A,N/A,N/A,N/A,N/A,N/A,N/A,N/A
Wednesday,6/10/2020,5,22,26,41,42,2,N,N/A,N/A,N/A,N/A,N/A,N/A,N/A,N/A
Tuesday,6/9/2020,7,23,26,48,56,4,N,N/A,N/A,N/A,N/A,N/A,N/A,N/A,N/A
Monday,6/8/2020,6,8,22,30,39,2,N,N/A,N/A,N/A,N/A,N/A,N/A,N/A,N/A
Sunday,6/7/2020,1,9,12,39,51,1,N,N/A,N/A,N/A,N/A,N/A,N/A,N/A,N/A
Saturday,6/6/2020,13,24,32,40,49,3,N,N/A,N/A,N/A,N/A,N/A,N/A,N/A,N/A
Friday,6/5/2020,4,5,13,52,58,1,N,N/A,N/A,N/A,N/A,N/A,N/A,N/A,N/A
Thursday,6/4/2020,1,5,21,25,60,1,N,N/A,N/A,N/A,N/A,N/A,N/A,N/A,N/A
Wednesday,6/3/2020,13,28,38,46,48,1,N,N/A,N/A,N/A,N/A,N/A,N/A,N/A,N/A
Tuesday,6/2/2020,6,11,12,29,38,3,N,N/A,N/A,N/A,N/A,N/A,N/A,N/A,N/A
Monday,6/1/2020,8,17,24,33,48,3,N,N/A,N/A,N/A,N/A,N/A,N/A,N/A,N/A
Sunday,5/31/2020,2,13,29,40,44,2,N,N/A,N/A,N/A,N/A,N/A,N/A,N/A,N/A
Saturday,5/30/2020,9,21,24,42,44,4,N,N/A,N/A,N/A,N/A,N/A,N/A,N/A,N/A
Friday,5/29/2020,12,21,35,43,46,3,N,N/A,N/A,N/A,N/A,N/A,N/A,N/A,N/A
Thursday,5/28/2020,7,8,12,14,39,2,N,N/A,N/A,N/A,N/A,N/A,N/A,N/A,N/A
Wednesday,5/27/2020,3,36,44,53,56,4,N,N/A,N/A,N/A,N/A,N/A,N/A,N/A,N/A
Tuesday,5/26/2020,10,13,21,31,41,3,N,N/A,N/A,N/A,N/A,N/A,N/A,N/A,N/A
Monday,5/25/2020,8,14,42,46,58,3,N,N/A,N/A,N/A,N/A,N/A,N/A,N/A,N/A
Sunday,5/24/2020,12,15,22,50,55,2,N,N/A,N/A,N/A,N/A,N/A,N/A,N/A,N/A
Saturday,5/23/2020,4,5,14,17,24,3,N,N/A,N/A,N/A,N/A,N/A,N/A,N/A,N/A
Friday,5/22/2020,13,27,38,42,53,4,N,N/A,N/A,N/A,N/A,N/A,N/A,N/A,N/A
Thursday,5/21/2020,11,19,22,24,40,2,N,N/A,N/A,N/A,N/A,N/A,N/A,N/A,N/A
Wednesday,5/20/2020,11,29,40,53,57,1,N,N/A,N/A,N/A,N/A,N/A,N/A,N/A,N/A
Tuesday,5/19/2020,7,12,24,38,60,1,N,N/A,N/A,N/A,N/A,N/A,N/A,N/A,N/A
Monday,5/18/2020,6,11,14,31,57,1,N,N/A,N/A,N/A,N/A,N/A,N/A,N/A,N/A
Sunday,5/17/2020,4,7,19,26,57,3,N,N/A,N/A,N/A,N/A,N/A,N/A,N/A,N/A
Saturday,5/16/2020,5,10,17,41,45,3,N,N/A,N/A,N/A,N/A,N/A,N/A,N/A,N/A
Friday,5/15/2020,2,7,23,26,51,2,N,N/A,N/A,N/A,N/A,N/A,N/A,N/A,N/A
Thursday,5/14/2020,10,34,53,55,59,1,N,N/A,N/A,N/A,N/A,N/A,N/A,N/A,N/A
Wednesday,5/13/2020,1,18,21,43,50,1,N,N/A,N/A,N/A,N/A,N/A,N/A,N/A,N/A
Tuesday,5/12/2020,13,14,16,23,60,4,N,N/A,N/A,N/A,N/A,N/A,N/A,N/A,N/A
Monday,5/11/2020,29,31,39,48,57,2,N,N/A,N/A,N/A,N/A,N/A,N/A,N/A,N/A
Sunday,5/10/2020,1,6,15,17,36,2,N,N/A,N/A,N/A,N/A,N/A,N/A,N/A,N/A
Saturday,5/9/2020,23,38,42,54,60,1,N,N/A,N/A,N/A,N/A,N/A,N/A,N/A,N/A
Friday,5/8/2020,12,20,30,34,47,3,N,N/A,N/A,N/A,N/A,N/A,N/A,N/A,N/A
Thursday,5/7/2020,28,31,40,52,54,3,N,N/A,N/A,N/A,N/A,N/A,N/A,N/A,N/A
Wednesday,5/6/2020,9,17,21,25,34,1,N,N/A,N/A,N/A,N/A,N/A,N/A,N/A,N/A
Tuesday,5/5/2020,11,32,34,52,60,2,N,N/A,N/A,N/A,N/A,N/A,N/A,N/A,N/A
Monday,5/4/2020,4,11,30,31,46,3,N,N/A,N/A,N/A,N/A,N/A,N/A,N/A,N/A
Sunday,5/3/2020,19,21,22,35,48,1,N,N/A,N/A,N/A,N/A,N/A,N/A,N/A,N/A
Saturday,5/2/2020,8,18,43,52,59,4,N,N/A,N/A,N/A,N/A,N/A,N/A,N/A,N/A
Friday,5/1/2020,21,34,40,49,50,1,N,N/A,N/A,N/A,N/A,N/A,N/A,N/A,N/A
Thursday,4/30/2020,8,17,19,28,44,4,N,N/A,N/A,N/A,N/A,N/A,N/A,N/A,N/A
Wednesday,4/29/2020,3,6,13,22,57,1,N,N/A,N/A,N/A,N/A,N/A,N/A,N/A,N/A
Tuesday,4/28/2020,18,21,36,41,48,2,N,N/A,N/A,N/A,N/A,N/A,N/A,N/A,N/A
Monday,4/27/2020,1,42,43,57,60,2,Y,"MIAMI, FL 33130",GUERRERO MARKET 1,"240 SW 8TH AVENUE, MIAMI","$1,000_WEEK",CASH OPTION,1000000,Y-Free,1
Sunday,4/26/2020,4,24,26,27,32,4,N,N/A,N/A,N/A,N/A,N/A,N/A,N/A,N/A
Saturday,4/25/2020,27,30,35,38,43,4,N,N/A,N/A,N/A,N/A,N/A,N/A,N/A,N/A
Friday,4/24/2020,23,29,38,39,58,1,N,N/A,N/A,N/A,N/A,N/A,N/A,N/A,N/A
Thursday,4/23/2020,15,22,32,35,56,3,N,N/A,N/A,N/A,N/A,N/A,N/A,N/A,N/A
Wednesday,4/22/2020,2,6,10,37,42,1,N,N/A,N/A,N/A,N/A,N/A,N/A,N/A,N/A
Tuesday,4/21/2020,8,14,43,51,59,3,N,N/A,N/A,N/A,N/A,N/A,N/A,N/A,N/A
Monday,4/20/2020,11,17,20,22,52,1,N,N/A,N/A,N/A,N/A,N/A,N/A,N/A,N/A
Sunday,4/19/2020,4,8,24,50,56,3,N,N/A,N/A,N/A,N/A,N/A,N/A,N/A,N/A
Saturday,4/18/2020,20,28,37,41,44,1,N,N/A,N/A,N/A,N/A,N/A,N/A,N/A,N/A
Friday,4/17/2020,7,30,39,55,56,4,N,N/A,N/A,N/A,N/A,N/A,N/A,N/A,N/A
Thursday,4/16/2020,6,12,18,20,22,1,N,N/A,N/A,N/A,N/A,N/A,N/A,N/A,N/A
Wednesday,4/15/2020,14,26,33,42,60,2,N,N/A,N/A,N/A,N/A,N/A,N/A,N/A,N/A
Tuesday,4/14/2020,29,30,31,53,54,3,N,N/A,N/A,N/A,N/A,N/A,N/A,N/A,N/A
Monday,4/13/2020,8,21,54,56,59,3,N,N/A,N/A,N/A,N/A,N/A,N/A,N/A,N/A
Sunday,4/12/2020,4,21,23,29,59,3,N,N/A,N/A,N/A,N/A,N/A,N/A,N/A,N/A
Saturday,4/11/2020,1,19,41,42,47,3,N,N/A,N/A,N/A,N/A,N/A,N/A,N/A,N/A
Friday,4/10/2020,11,27,45,46,50,3,N,N/A,N/A,N/A,N/A,N/A,N/A,N/A,N/A
Thursday,4/9/2020,5,10,11,52,59,1,N,N/A,N/A,N/A,N/A,N/A,N/A,N/A,N/A
Wednesday,4/8/2020,2,21,22,28,46,3,N,N/A,N/A,N/A,N/A,N/A,N/A,N/A,N/A
Tuesday,4/7/2020,20,37,38,49,55,3,N,N/A,N/A,N/A,N/A,N/A,N/A,N/A,N/A
Monday,4/6/2020,4,25,37,56,57,2,N,N/A,N/A,N/A,N/A,N/A,N/A,N/A,N/A
Sunday,4/5/2020,24,40,49,54,57,2,N,N/A,N/A,N/A,N/A,N/A,N/A,N/A,N/A
Saturday,4/4/2020,1,14,16,41,52,4,N,N/A,N/A,N/A,N/A,N/A,N/A,N/A,N/A
Friday,4/3/2020,29,32,42,51,57,1,N,N/A,N/A,N/A,N/A,N/A,N/A,N/A,N/A
Thursday,4/2/2020,10,17,22,24,44,1,N,N/A,N/A,N/A,N/A,N/A,N/A,N/A,N/A
Wednesday,4/1/2020,5,14,18,27,46,4,N,N/A,N/A,N/A,N/A,N/A,N/A,N/A,N/A
Tuesday,3/31/2020,18,25,31,45,58,1,N,N/A,N/A,N/A,N/A,N/A,N/A,N/A,N/A
Monday,3/30/2020,2,7,28,30,52,3,N,N/A,N/A,N/A,N/A,N/A,N/A,N/A,N/A
Sunday,3/29/2020,3,29,38,45,53,1,N,N/A,N/A,N/A,N/A,N/A,N/A,N/A,N/A
Saturday,3/28/2020,21,26,35,58,59,3,N,N/A,N/A,N/A,N/A,N/A,N/A,N/A,N/A
Friday,3/27/2020,3,8,9,24,39,4,N,N/A,N/A,N/A,N/A,N/A,N/A,N/A,N/A
Thursday,3/26/2020,1,41,42,47,58,2,N,N/A,N/A,N/A,N/A,N/A,N/A,N/A,N/A
Wednesday,3/25/2020,5,24,26,40,52,1,N,N/A,N/A,N/A,N/A,N/A,N/A,N/A,N/A
Tuesday,3/24/2020,6,15,18,25,49,4,N,N/A,N/A,N/A,N/A,N/A,N/A,N/A,N/A
Monday,3/23/2020,44,47,52,53,55,1,N,N/A,N/A,N/A,N/A,N/A,N/A,N/A,N/A
Sunday,3/22/2020,1,34,41,43,53,2,N,N/A,N/A,N/A,N/A,N/A,N/A,N/A,N/A
Saturday,3/21/2020,14,20,50,56,57,1,N,N/A,N/A,N/A,N/A,N/A,N/A,N/A,N/A
Friday,3/20/2020,13,14,16,24,30,1,N,N/A,N/A,N/A,N/A,N/A,N/A,N/A,N/A
Thursday,3/19/2020,8,14,19,44,45,3,N,N/A,N/A,N/A,N/A,N/A,N/A,N/A,N/A
Wednesday,3/18/2020,5,14,18,23,51,1,N,N/A,N/A,N/A,N/A,N/A,N/A,N/A,N/A
Tuesday,3/17/2020,1,23,30,45,53,2,N,N/A,N/A,N/A,N/A,N/A,N/A,N/A,N/A
Monday,3/16/2020,10,22,34,50,55,2,N,N/A,N/A,N/A,N/A,N/A,N/A,N/A,N/A
Sunday,3/15/2020,21,24,34,39,46,2,N,N/A,N/A,N/A,N/A,N/A,N/A,N/A,N/A
Saturday,3/14/2020,10,12,17,43,50,2,N,N/A,N/A,N/A,N/A,N/A,N/A,N/A,N/A
Friday,3/13/2020,7,17,22,24,31,1,N,N/A,N/A,N/A,N/A,N/A,N/A,N/A,N/A
Thursday,3/12/2020,18,26,36,37,38,3,N,N/A,N/A,N/A,N/A,N/A,N/A,N/A,N/A
Wednesday,3/11/2020,8,25,35,54,58,2,N,N/A,N/A,N/A,N/A,N/A,N/A,N/A,N/A
Tuesday,3/10/2020,4,8,40,42,50,2,N,N/A,N/A,N/A,N/A,N/A,N/A,N/A,N/A
Monday,3/9/2020,3,4,13,23,47,1,N,N/A,N/A,N/A,N/A,N/A,N/A,N/A,N/A
Sunday,3/8/2020,12,28,34,47,49,1,N,N/A,N/A,N/A,N/A,N/A,N/A,N/A,N/A
Saturday,3/7/2020,18,23,40,41,44,2,N,N/A,N/A,N/A,N/A,N/A,N/A,N/A,N/A
Friday,3/6/2020,9,27,38,41,53,4,N,N/A,N/A,N/A,N/A,N/A,N/A,N/A,N/A
Thursday,3/5/2020,2,22,32,45,59,3,N,N/A,N/A,N/A,N/A,N/A,N/A,N/A,N/A
Wednesday,3/4/2020,8,12,17,21,34,2,N,N/A,N/A,N/A,N/A,N/A,N/A,N/A,N/A
Tuesday,3/3/2020,6,15,25,48,59,2,N,N/A,N/A,N/A,N/A,N/A,N/A,N/A,N/A
Monday,3/2/2020,7,26,35,39,50,4,N,N/A,N/A,N/A,N/A,N/A,N/A,N/A,N/A
Sunday,3/1/2020,5,16,18,42,43,1,N,N/A,N/A,N/A,N/A,N/A,N/A,N/A,N/A
Saturday,2/29/2020,27,31,40,52,53,4,N,N/A,N/A,N/A,N/A,N/A,N/A,N/A,N/A
Friday,2/28/2020,10,24,27,59,60,2,N,N/A,N/A,N/A,N/A,N/A,N/A,N/A,N/A
Thursday,2/27/2020,4,9,19,31,52,4,N,N/A,N/A,N/A,N/A,N/A,N/A,N/A,N/A
Wednesday,2/26/2020,17,21,32,36,52,3,N,N/A,N/A,N/A,N/A,N/A,N/A,N/A,N/A
Tuesday,2/25/2020,1,31,34,38,47,4,N,N/A,N/A,N/A,N/A,N/A,N/A,N/A,N/A
Monday,2/24/2020,4,25,39,44,60,1,N,N/A,N/A,N/A,N/A,N/A,N/A,N/A,N/A
Sunday,2/23/2020,5,26,32,46,50,2,N,N/A,N/A,N/A,N/A,N/A,N/A,N/A,N/A
Saturday,2/22/2020,15,17,20,33,34,3,N,N/A,N/A,N/A,N/A,N/A,N/A,N/A,N/A
Friday,2/21/2020,28,49,56,58,59,2,N,N/A,N/A,N/A,N/A,N/A,N/A,N/A,N/A
Thursday,2/20/2020,3,9,25,46,49,1,N,N/A,N/A,N/A,N/A,N/A,N/A,N/A,N/A
Wednesday,2/19/2020,4,11,13,14,54,3,N,N/A,N/A,N/A,N/A,N/A,N/A,N/A,N/A
Tuesday,2/18/2020,3,13,16,34,45,2,N,N/A,N/A,N/A,N/A,N/A,N/A,N/A,N/A
Monday,2/17/2020,16,31,35,36,37,4,N,N/A,N/A,N/A,N/A,N/A,N/A,N/A,N/A
Sunday,2/16/2020,7,8,10,33,49,1,N,N/A,N/A,N/A,N/A,N/A,N/A,N/A,N/A
Saturday,2/15/2020,14,30,37,39,47,2,N,N/A,N/A,N/A,N/A,N/A,N/A,N/A,N/A
Friday,2/14/2020,20,42,46,57,59,1,N,N/A,N/A,N/A,N/A,N/A,N/A,N/A,N/A
Thursday,2/13/2020,1,11,27,45,47,4,N,N/A,N/A,N/A,N/A,N/A,N/A,N/A,N/A
Wednesday,2/12/2020,2,9,13,44,60,2,N,N/A,N/A,N/A,N/A,N/A,N/A,N/A,N/A
Tuesday,2/11/2020,11,22,32,34,48,2,N,N/A,N/A,N/A,N/A,N/A,N/A,N/A,N/A
Monday,2/10/2020,5,7,21,22,41,1,N,N/A,N/A,N/A,N/A,N/A,N/A,N/A,N/A
Sunday,2/9/2020,4,15,27,45,54,4,N,N/A,N/A,N/A,N/A,N/A,N/A,N/A,N/A
Saturday,2/8/2020,22,23,41,55,58,2,N,N/A,N/A,N/A,N/A,N/A,N/A,N/A,N/A
Friday,2/7/2020,10,15,21,49,50,1,N,N/A,N/A,N/A,N/A,N/A,N/A,N/A,N/A
Thursday,2/6/2020,4,5,8,25,47,4,N,N/A,N/A,N/A,N/A,N/A,N/A,N/A,N/A
Wednesday,2/5/2020,3,15,27,52,54,2,N,N/A,N/A,N/A,N/A,N/A,N/A,N/A,N/A
Tuesday,2/4/2020,8,18,20,22,28,4,N,N/A,N/A,N/A,N/A,N/A,N/A,N/A,N/A
Monday,2/3/2020,8,30,37,58,59,1,N,N/A,N/A,N/A,N/A,N/A,N/A,N/A,N/A
Sunday,2/2/2020,19,22,29,36,60,4,N,N/A,N/A,N/A,N/A,N/A,N/A,N/A,N/A
Saturday,2/1/2020,1,12,22,33,42,4,N,N/A,N/A,N/A,N/A,N/A,N/A,N/A,N/A
Friday,1/31/2020,20,22,40,50,53,2,N,N/A,N/A,N/A,N/A,N/A,N/A,N/A,N/A
Thursday,1/30/2020,6,11,41,49,58,3,N,N/A,N/A,N/A,N/A,N/A,N/A,N/A,N/A
Wednesday,1/29/2020,19,27,40,41,58,1,N,N/A,N/A,N/A,N/A,N/A,N/A,N/A,N/A
Tuesday,1/28/2020,4,9,18,20,56,4,N,N/A,N/A,N/A,N/A,N/A,N/A,N/A,N/A
Monday,1/27/2020,2,19,26,36,55,1,Y,"TRINITY, FL 34655",PUBLIX 643,"5324 LITTLE ROAD, NEW PORT RICHEY","$1,000_DAY",CASH OPTION,7000000,Y,1
Sunday,1/26/2020,23,44,48,50,60,2,N,N/A,N/A,N/A,N/A,N/A,N/A,N/A,N/A
Saturday,1/25/2020,18,21,37,49,57,1,Y,"ORLANDO, FL 32837",WETHERBEE MARATHON,"12253 S ORANGE BLOSSOM TRAIL,
ORLANDO","$1,000_WEEK",ANNUAL PAYMENT,1040000,Y,1
Friday,1/24/2020,5,13,19,41,57,3,N,N/A,N/A,N/A,N/A,N/A,N/A,N/A,N/A
Thursday,1/23/2020,14,21,24,49,60,3,N,N/A,N/A,N/A,N/A,N/A,N/A,N/A,N/A
Wednesday,1/22/2020,2,28,29,45,46,3,N,N/A,N/A,N/A,N/A,N/A,N/A,N/A,N/A
Tuesday,1/21/2020,8,15,16,41,55,3,N,N/A,N/A,N/A,N/A,N/A,N/A,N/A,N/A
Monday,1/20/2020,4,23,54,56,57,4,N,N/A,N/A,N/A,N/A,N/A,N/A,N/A,N/A
Sunday,1/19/2020,19,32,38,51,57,3,N,N/A,N/A,N/A,N/A,N/A,N/A,N/A,N/A
Saturday,1/18/2020,17,28,36,40,60,4,N,N/A,N/A,N/A,N/A,N/A,N/A,N/A,N/A
Friday,1/17/2020,14,32,37,43,56,1,N,N/A,N/A,N/A,N/A,N/A,N/A,N/A,N/A
Thursday,1/16/2020,1,9,25,38,57,2,N,N/A,N/A,N/A,N/A,N/A,N/A,N/A,N/A
Wednesday,1/15/2020,14,16,18,25,46,4,N,N/A,N/A,N/A,N/A,N/A,N/A,N/A,N/A
Tuesday,1/14/2020,16,21,28,45,51,4,N,N/A,N/A,N/A,N/A,N/A,N/A,N/A,N/A
Monday,1/13/2020,7,8,16,20,35,2,N,N/A,N/A,N/A,N/A,N/A,N/A,N/A,N/A
Sunday,1/12/2020,18,23,25,49,51,1,N,N/A,N/A,N/A,N/A,N/A,N/A,N/A,N/A
Saturday,1/11/2020,17,20,23,46,57,1,N,N/A,N/A,N/A,N/A,N/A,N/A,N/A,N/A
Friday,1/10/2020,1,3,26,27,44,2,N,N/A,N/A,N/A,N/A,N/A,N/A,N/A,N/A
Thursday,1/9/2020,7,17,42,50,51,2,N,N/A,N/A,N/A,N/A,N/A,N/A,N/A,N/A
Wednesday,1/8/2020,3,13,32,41,42,3,N,N/A,N/A,N/A,N/A,N/A,N/A,N/A,N/A
Tuesday,1/7/2020,11,13,28,58,59,2,N,N/A,N/A,N/A,N/A,N/A,N/A,N/A,N/A
Monday,1/6/2020,22,32,33,35,43,2,N,N/A,N/A,N/A,N/A,N/A,N/A,N/A,N/A
Sunday,1/5/2020,41,43,45,59,60,4,N,N/A,N/A,N/A,N/A,N/A,N/A,N/A,N/A
Saturday,1/4/2020,4,7,19,26,47,3,N,N/A,N/A,N/A,N/A,N/A,N/A,N/A,N/A
Friday,1/3/2020,36,40,53,55,56,3,N,N/A,N/A,N/A,N/A,N/A,N/A,N/A,N/A
Thursday,1/2/2020,7,30,39,44,48,4,N,N/A,N/A,N/A,N/A,N/A,N/A,N/A,N/A
Wednesday,1/1/2020,2,17,26,44,46,3,N,N/A,N/A,N/A,N/A,N/A,N/A,N/A,N/A
Tuesday,12/31/2019,10,22,26,28,39,2,N,N/A,N/A,N/A,N/A,N/A,N/A,N/A,N/A
Monday,12/30/2019,8,32,39,58,60,4,N,N/A,N/A,N/A,N/A,N/A,N/A,N/A,N/A
Sunday,12/29/2019,1,19,20,25,36,3,N,N/A,N/A,N/A,N/A,N/A,N/A,N/A,N/A
Saturday,12/28/2019,17,33,42,43,55,3,N,N/A,N/A,N/A,N/A,N/A,N/A,N/A,N/A
Friday,12/27/2019,2,8,35,41,47,1,N,N/A,N/A,N/A,N/A,N/A,N/A,N/A,N/A
Thursday,12/26/2019,2,11,29,44,59,2,N,N/A,N/A,N/A,N/A,N/A,N/A,N/A,N/A
Wednesday,12/25/2019,5,7,15,24,37,1,N,N/A,N/A,N/A,N/A,N/A,N/A,N/A,N/A
Tuesday,12/24/2019,6,8,16,23,57,4,N,N/A,N/A,N/A,N/A,N/A,N/A,N/A,N/A
Monday,12/23/2019,1,9,40,53,58,3,N,N/A,N/A,N/A,N/A,N/A,N/A,N/A,N/A
Sunday,12/22/2019,32,36,38,42,54,3,N,N/A,N/A,N/A,N/A,N/A,N/A,N/A,N/A
Saturday,12/21/2019,5,15,24,30,59,3,N,N/A,N/A,N/A,N/A,N/A,N/A,N/A,N/A
Friday,12/20/2019,9,27,40,48,58,1,N,N/A,N/A,N/A,N/A,N/A,N/A,N/A,N/A
Thursday,12/19/2019,6,15,35,44,59,3,N,N/A,N/A,N/A,N/A,N/A,N/A,N/A,N/A
Wednesday,12/18/2019,22,43,49,50,57,2,N,N/A,N/A,N/A,N/A,N/A,N/A,N/A,N/A
Tuesday,12/17/2019,14,16,17,24,43,1,N,N/A,N/A,N/A,N/A,N/A,N/A,N/A,N/A
Monday,12/16/2019,26,30,35,36,58,2,N,N/A,N/A,N/A,N/A,N/A,N/A,N/A,N/A
Sunday,12/15/2019,3,10,16,35,38,2,N,N/A,N/A,N/A,N/A,N/A,N/A,N/A,N/A
Saturday,12/14/2019,2,11,25,40,44,1,N,N/A,N/A,N/A,N/A,N/A,N/A,N/A,N/A
Friday,12/13/2019,27,40,45,46,60,2,N,N/A,N/A,N/A,N/A,N/A,N/A,N/A,N/A
Thursday,12/12/2019,6,21,49,53,55,1,N,N/A,N/A,N/A,N/A,N/A,N/A,N/A,N/A
Wednesday,12/11/2019,3,8,11,30,48,1,N,N/A,N/A,N/A,N/A,N/A,N/A,N/A,N/A
Tuesday,12/10/2019,21,32,36,39,53,1,N,N/A,N/A,N/A,N/A,N/A,N/A,N/A,N/A
Monday,12/9/2019,1,30,42,47,52,1,N,N/A,N/A,N/A,N/A,N/A,N/A,N/A,N/A
Sunday,12/8/2019,17,18,21,44,50,1,N,N/A,N/A,N/A,N/A,N/A,N/A,N/A,N/A
Saturday,12/7/2019,2,27,48,55,60,3,N,N/A,N/A,N/A,N/A,N/A,N/A,N/A,N/A
Friday,12/6/2019,3,11,18,23,49,4,N,N/A,N/A,N/A,N/A,N/A,N/A,N/A,N/A
Thursday,12/5/2019,3,15,42,45,50,3,N,N/A,N/A,N/A,N/A,N/A,N/A,N/A,N/A
Wednesday,12/4/2019,23,44,46,49,56,3,N,N/A,N/A,N/A,N/A,N/A,N/A,N/A,N/A
Tuesday,12/3/2019,6,13,15,22,51,3,N,N/A,N/A,N/A,N/A,N/A,N/A,N/A,N/A
Monday,12/2/2019,15,20,36,44,46,2,N,N/A,N/A,N/A,N/A,N/A,N/A,N/A,N/A
Sunday,12/1/2019,8,10,36,45,60,3,N,N/A,N/A,N/A,N/A,N/A,N/A,N/A,N/A
Saturday,11/30/2019,13,16,34,46,55,2,N,N/A,N/A,N/A,N/A,N/A,N/A,N/A,N/A
Friday,11/29/2019,14,18,42,43,51,1,N,N/A,N/A,N/A,N/A,N/A,N/A,N/A,N/A
Thursday,11/28/2019,19,26,48,51,53,4,N,N/A,N/A,N/A,N/A,N/A,N/A,N/A,N/A
Wednesday,11/27/2019,7,9,15,16,43,2,N,N/A,N/A,N/A,N/A,N/A,N/A,N/A,N/A
Tuesday,11/26/2019,1,4,16,30,40,4,N,N/A,N/A,N/A,N/A,N/A,N/A,N/A,N/A
Monday,11/25/2019,26,30,40,53,54,4,N,N/A,N/A,N/A,N/A,N/A,N/A,N/A,N/A
Sunday,11/24/2019,6,7,11,14,36,1,N,N/A,N/A,N/A,N/A,N/A,N/A,N/A,N/A
Saturday,11/23/2019,14,15,22,35,41,4,Y,"RIVIERA BEACH, FL 33404",GRATOR GATOR FOOD MARKET,"1245 E BLUE HERON BOULEVARD, RIVIERA
BEACH","$1,000_WEEK",CASH OPTION,1000000,Y,1
Friday,11/22/2019,13,14,27,47,48,2,N,N/A,N/A,N/A,N/A,N/A,N/A,N/A,N/A
Thursday,11/21/2019,1,25,35,42,51,3,N,N/A,N/A,N/A,N/A,N/A,N/A,N/A,N/A
Wednesday,11/20/2019,17,21,31,49,51,2,N,N/A,N/A,N/A,N/A,N/A,N/A,N/A,N/A
Tuesday,11/19/2019,10,14,40,46,49,3,N,N/A,N/A,N/A,N/A,N/A,N/A,N/A,N/A
Monday,11/18/2019,25,34,35,46,59,4,N,N/A,N/A,N/A,N/A,N/A,N/A,N/A,N/A
Sunday,11/17/2019,1,2,26,47,56,1,N,N/A,N/A,N/A,N/A,N/A,N/A,N/A,N/A
Saturday,11/16/2019,2,9,15,45,57,2,N,N/A,N/A,N/A,N/A,N/A,N/A,N/A,N/A
Friday,11/15/2019,12,21,28,46,56,4,N,N/A,N/A,N/A,N/A,N/A,N/A,N/A,N/A
Thursday,11/14/2019,6,29,33,44,56,4,N,N/A,N/A,N/A,N/A,N/A,N/A,N/A,N/A
Wednesday,11/13/2019,1,36,40,54,55,3,N,N/A,N/A,N/A,N/A,N/A,N/A,N/A,N/A
Tuesday,11/12/2019,4,11,14,15,60,4,N,N/A,N/A,N/A,N/A,N/A,N/A,N/A,N/A
Monday,11/11/2019,7,14,27,28,39,1,N,N/A,N/A,N/A,N/A,N/A,N/A,N/A,N/A
Sunday,11/10/2019,11,18,30,32,44,2,N,N/A,N/A,N/A,N/A,N/A,N/A,N/A,N/A
Saturday,11/9/2019,12,15,33,34,44,4,N,N/A,N/A,N/A,N/A,N/A,N/A,N/A,N/A
Friday,11/8/2019,11,21,31,52,57,3,N,N/A,N/A,N/A,N/A,N/A,N/A,N/A,N/A
Thursday,11/7/2019,6,17,32,45,47,2,N,N/A,N/A,N/A,N/A,N/A,N/A,N/A,N/A
Wednesday,11/6/2019,1,7,21,36,47,4,N,N/A,N/A,N/A,N/A,N/A,N/A,N/A,N/A
Tuesday,11/5/2019,10,26,43,47,56,3,N,N/A,N/A,N/A,N/A,N/A,N/A,N/A,N/A
Monday,11/4/2019,4,13,48,49,53,3,N,N/A,N/A,N/A,N/A,N/A,N/A,N/A,N/A
Sunday,11/3/2019,5,13,14,16,45,2,N,N/A,N/A,N/A,N/A,N/A,N/A,N/A,N/A
Saturday,11/2/2019,12,14,16,17,28,4,N,N/A,N/A,N/A,N/A,N/A,N/A,N/A,N/A
Friday,11/1/2019,12,15,16,38,57,4,N,N/A,N/A,N/A,N/A,N/A,N/A,N/A,N/A
Thursday,10/31/2019,18,25,28,41,47,3,N,N/A,N/A,N/A,N/A,N/A,N/A,N/A,N/A
Wednesday,10/30/2019,1,3,15,26,53,3,N,N/A,N/A,N/A,N/A,N/A,N/A,N/A,N/A
Tuesday,10/29/2019,23,31,45,48,58,4,N,N/A,N/A,N/A,N/A,N/A,N/A,N/A,N/A
Monday,10/28/2019,6,14,30,51,57,2,N,N/A,N/A,N/A,N/A,N/A,N/A,N/A,N/A
Sunday,10/27/2019,1,5,10,30,54,4,N,N/A,N/A,N/A,N/A,N/A,N/A,N/A,N/A
Saturday,10/26/2019,2,7,11,39,53,2,N,N/A,N/A,N/A,N/A,N/A,N/A,N/A,N/A
Friday,10/25/2019,1,23,40,58,60,1,N,N/A,N/A,N/A,N/A,N/A,N/A,N/A,N/A
Thursday,10/24/2019,7,11,31,47,49,1,N,N/A,N/A,N/A,N/A,N/A,N/A,N/A,N/A
Wednesday,10/23/2019,9,16,17,30,44,4,N,N/A,N/A,N/A,N/A,N/A,N/A,N/A,N/A
Tuesday,10/22/2019,10,14,25,36,52,2,N,N/A,N/A,N/A,N/A,N/A,N/A,N/A,N/A
Monday,10/21/2019,28,32,36,43,46,1,N,N/A,N/A,N/A,N/A,N/A,N/A,N/A,N/A
Sunday,10/20/2019,12,22,26,35,60,1,N,N/A,N/A,N/A,N/A,N/A,N/A,N/A,N/A
Saturday,10/19/2019,13,29,43,44,50,3,N,N/A,N/A,N/A,N/A,N/A,N/A,N/A,N/A
Friday,10/18/2019,7,22,23,30,43,2,N,N/A,N/A,N/A,N/A,N/A,N/A,N/A,N/A
Thursday,10/17/2019,3,4,41,55,60,1,N,N/A,N/A,N/A,N/A,N/A,N/A,N/A,N/A
Wednesday,10/16/2019,10,20,30,32,50,3,N,N/A,N/A,N/A,N/A,N/A,N/A,N/A,N/A
Tuesday,10/15/2019,4,12,42,49,58,3,N,N/A,N/A,N/A,N/A,N/A,N/A,N/A,N/A
Monday,10/14/2019,3,4,29,40,60,3,N,N/A,N/A,N/A,N/A,N/A,N/A,N/A,N/A
Sunday,10/13/2019,2,34,47,51,58,3,N,N/A,N/A,N/A,N/A,N/A,N/A,N/A,N/A
Saturday,10/12/2019,11,24,47,53,58,4,N,N/A,N/A,N/A,N/A,N/A,N/A,N/A,N/A
Friday,10/11/2019,17,33,37,51,56,1,N,N/A,N/A,N/A,N/A,N/A,N/A,N/A,N/A
Thursday,10/10/2019,15,20,26,46,50,4,N,N/A,N/A,N/A,N/A,N/A,N/A,N/A,N/A
Wednesday,10/9/2019,4,14,30,44,45,1,N,N/A,N/A,N/A,N/A,N/A,N/A,N/A,N/A
Tuesday,10/8/2019,13,56,57,58,59,1,N,N/A,N/A,N/A,N/A,N/A,N/A,N/A,N/A
Monday,10/7/2019,15,16,33,34,49,2,N,N/A,N/A,N/A,N/A,N/A,N/A,N/A,N/A
Sunday,10/6/2019,36,48,54,56,57,2,N,N/A,N/A,N/A,N/A,N/A,N/A,N/A,N/A
Saturday,10/5/2019,1,5,20,21,57,1,N,N/A,N/A,N/A,N/A,N/A,N/A,N/A,N/A
Friday,10/4/2019,2,8,23,34,54,3,N,N/A,N/A,N/A,N/A,N/A,N/A,N/A,N/A
Thursday,10/3/2019,1,25,53,56,58,2,N,N/A,N/A,N/A,N/A,N/A,N/A,N/A,N/A
Wednesday,10/2/2019,27,42,43,50,54,1,N,N/A,N/A,N/A,N/A,N/A,N/A,N/A,N/A
Tuesday,10/1/2019,8,12,51,58,60,3,N,N/A,N/A,N/A,N/A,N/A,N/A,N/A,N/A
Monday,9/30/2019,2,3,9,38,54,4,N,N/A,N/A,N/A,N/A,N/A,N/A,N/A,N/A
Sunday,9/29/2019,28,41,48,51,57,2,N,N/A,N/A,N/A,N/A,N/A,N/A,N/A,N/A
Saturday,9/28/2019,18,20,42,51,58,4,N,N/A,N/A,N/A,N/A,N/A,N/A,N/A,N/A
Friday,9/27/2019,20,26,38,40,60,3,N,N/A,N/A,N/A,N/A,N/A,N/A,N/A,N/A
Thursday,9/26/2019,1,5,48,50,51,1,N,N/A,N/A,N/A,N/A,N/A,N/A,N/A,N/A
Wednesday,9/25/2019,6,34,36,48,55,1,N,N/A,N/A,N/A,N/A,N/A,N/A,N/A,N/A
Tuesday,9/24/2019,11,25,32,35,41,3,N,N/A,N/A,N/A,N/A,N/A,N/A,N/A,N/A
Monday,9/23/2019,29,36,37,40,49,1,N,N/A,N/A,N/A,N/A,N/A,N/A,N/A,N/A
Sunday,9/22/2019,17,22,23,30,59,4,N,N/A,N/A,N/A,N/A,N/A,N/A,N/A,N/A
Saturday,9/21/2019,13,21,23,26,48,4,N,N/A,N/A,N/A,N/A,N/A,N/A,N/A,N/A
Friday,9/20/2019,3,23,28,31,32,1,N,N/A,N/A,N/A,N/A,N/A,N/A,N/A,N/A
Thursday,9/19/2019,8,11,15,22,29,3,N,N/A,N/A,N/A,N/A,N/A,N/A,N/A,N/A
Wednesday,9/18/2019,9,13,29,39,46,3,N,N/A,N/A,N/A,N/A,N/A,N/A,N/A,N/A
Tuesday,9/17/2019,3,9,14,48,57,3,N,N/A,N/A,N/A,N/A,N/A,N/A,N/A,N/A
Monday,9/16/2019,2,7,10,32,53,3,N,N/A,N/A,N/A,N/A,N/A,N/A,N/A,N/A
Sunday,9/15/2019,20,34,42,46,48,4,N,N/A,N/A,N/A,N/A,N/A,N/A,N/A,N/A
Saturday,9/14/2019,2,18,39,45,60,1,N,N/A,N/A,N/A,N/A,N/A,N/A,N/A,N/A
Friday,9/13/2019,3,28,32,49,56,2,N,N/A,N/A,N/A,N/A,N/A,N/A,N/A,N/A
Thursday,9/12/2019,10,15,35,42,54,3,N,N/A,N/A,N/A,N/A,N/A,N/A,N/A,N/A
Wednesday,9/11/2019,3,7,19,31,38,4,N,N/A,N/A,N/A,N/A,N/A,N/A,N/A,N/A
Tuesday,9/10/2019,11,14,35,43,53,3,N,N/A,N/A,N/A,N/A,N/A,N/A,N/A,N/A
Monday,9/9/2019,12,18,19,33,39,3,N,N/A,N/A,N/A,N/A,N/A,N/A,N/A,N/A
Sunday,9/8/2019,5,10,34,41,47,1,N,N/A,N/A,N/A,N/A,N/A,N/A,N/A,N/A
Saturday,9/7/2019,13,24,26,34,56,1,Y,"POMPANO BEACH, FL 33062",PUBLIX 1393,"2511 E ATLANTIC BOULEVARD, POMPANO
BEACH","$1,000_WEEK",CASH OPTION,1000000,Y,1
Friday,9/6/2019,6,18,24,25,51,3,N,N/A,N/A,N/A,N/A,N/A,N/A,N/A,N/A
Thursday,9/5/2019,9,25,32,36,60,3,N,N/A,N/A,N/A,N/A,N/A,N/A,N/A,N/A
Wednesday,9/4/2019,8,18,19,34,36,4,N,N/A,N/A,N/A,N/A,N/A,N/A,N/A,N/A
Tuesday,9/3/2019,5,16,20,29,45,3,N,N/A,N/A,N/A,N/A,N/A,N/A,N/A,N/A
Monday,9/2/2019,6,9,22,46,48,3,N,N/A,N/A,N/A,N/A,N/A,N/A,N/A,N/A
Sunday,9/1/2019,8,13,17,48,57,4,N,N/A,N/A,N/A,N/A,N/A,N/A,N/A,N/A
Saturday,8/31/2019,1,26,41,45,59,3,N,N/A,N/A,N/A,N/A,N/A,N/A,N/A,N/A
Friday,8/30/2019,17,21,35,43,50,3,N,N/A,N/A,N/A,N/A,N/A,N/A,N/A,N/A
Thursday,8/29/2019,8,9,15,46,48,4,N,N/A,N/A,N/A,N/A,N/A,N/A,N/A,N/A
Wednesday,8/28/2019,24,27,33,47,49,2,N,N/A,N/A,N/A,N/A,N/A,N/A,N/A,N/A
Tuesday,8/27/2019,17,22,47,55,60,1,N,N/A,N/A,N/A,N/A,N/A,N/A,N/A,N/A
Monday,8/26/2019,19,23,34,47,49,2,N,N/A,N/A,N/A,N/A,N/A,N/A,N/A,N/A
Sunday,8/25/2019,13,16,31,34,50,3,N,N/A,N/A,N/A,N/A,N/A,N/A,N/A,N/A
Saturday,8/24/2019,5,27,40,43,50,1,N,N/A,N/A,N/A,N/A,N/A,N/A,N/A,N/A
Friday,8/23/2019,18,34,37,45,55,4,N,N/A,N/A,N/A,N/A,N/A,N/A,N/A,N/A
Thursday,8/22/2019,11,32,37,39,54,2,N,N/A,N/A,N/A,N/A,N/A,N/A,N/A,N/A
Wednesday,8/21/2019,5,31,35,43,50,4,N,N/A,N/A,N/A,N/A,N/A,N/A,N/A,N/A
Tuesday,8/20/2019,3,14,17,23,54,1,N,N/A,N/A,N/A,N/A,N/A,N/A,N/A,N/A
Monday,8/19/2019,1,15,31,43,56,4,N,N/A,N/A,N/A,N/A,N/A,N/A,N/A,N/A
Sunday,8/18/2019,21,23,35,44,46,2,N,N/A,N/A,N/A,N/A,N/A,N/A,N/A,N/A
Saturday,8/17/2019,5,8,9,14,25,3,N,N/A,N/A,N/A,N/A,N/A,N/A,N/A,N/A
Friday,8/16/2019,24,28,35,38,56,1,N,N/A,N/A,N/A,N/A,N/A,N/A,N/A,N/A
Thursday,8/15/2019,9,16,19,37,52,2,N,N/A,N/A,N/A,N/A,N/A,N/A,N/A,N/A
Wednesday,8/14/2019,7,38,45,47,57,4,N,N/A,N/A,N/A,N/A,N/A,N/A,N/A,N/A
Tuesday,8/13/2019,3,14,17,41,56,3,N,N/A,N/A,N/A,N/A,N/A,N/A,N/A,N/A
Monday,8/12/2019,7,15,31,50,57,1,N,N/A,N/A,N/A,N/A,N/A,N/A,N/A,N/A
Sunday,8/11/2019,1,15,22,25,37,3,N,N/A,N/A,N/A,N/A,N/A,N/A,N/A,N/A
Saturday,8/10/2019,1,7,16,23,35,1,N,N/A,N/A,N/A,N/A,N/A,N/A,N/A,N/A
Friday,8/9/2019,2,10,35,42,56,2,N,N/A,N/A,N/A,N/A,N/A,N/A,N/A,N/A
Thursday,8/8/2019,4,20,37,40,44,1,N,N/A,N/A,N/A,N/A,N/A,N/A,N/A,N/A
Wednesday,8/7/2019,4,13,44,50,59,1,N,N/A,N/A,N/A,N/A,N/A,N/A,N/A,N/A
Tuesday,8/6/2019,20,26,29,34,60,4,N,N/A,N/A,N/A,N/A,N/A,N/A,N/A,N/A
Monday,8/5/2019,9,19,24,34,56,3,N,N/A,N/A,N/A,N/A,N/A,N/A,N/A,N/A
Sunday,8/4/2019,1,15,17,43,49,4,N,N/A,N/A,N/A,N/A,N/A,N/A,N/A,N/A
Saturday,8/3/2019,1,6,19,47,55,1,Y,"MIAMI, FL 33174",FRESCO Y MAS 353,"9565 W FLAGLER STREET, MIAMI","$1,000_WEEK",CASH OPTION,1000000,Y,1
Friday,8/2/2019,7,27,54,57,58,3,N,N/A,N/A,N/A,N/A,N/A,N/A,N/A,N/A
Thursday,8/1/2019,4,15,32,58,60,1,N,N/A,N/A,N/A,N/A,N/A,N/A,N/A,N/A
Wednesday,7/31/2019,39,41,42,44,47,2,N,N/A,N/A,N/A,N/A,N/A,N/A,N/A,N/A
Tuesday,7/30/2019,6,10,19,26,42,4,Y,"HIALEAH, FL 33013",LAS CUATRO HERMANAS SUPERMARKET,"810 E 41ST STREET, HIALEAH","$1,000_WEEK",CASH OPTION,1000000,N,1
Monday,7/29/2019,5,13,30,31,45,3,N,N/A,N/A,N/A,N/A,N/A,N/A,N/A,N/A
Sunday,7/28/2019,10,11,38,50,54,2,N,N/A,N/A,N/A,N/A,N/A,N/A,N/A,N/A
Saturday,7/27/2019,4,6,21,26,52,1,N,N/A,N/A,N/A,N/A,N/A,N/A,N/A,N/A
Friday,7/26/2019,3,20,29,40,57,1,N,N/A,N/A,N/A,N/A,N/A,N/A,N/A,N/A
Thursday,7/25/2019,13,25,35,37,57,2,N,N/A,N/A,N/A,N/A,N/A,N/A,N/A,N/A
Wednesday,7/24/2019,9,19,28,54,60,1,N,N/A,N/A,N/A,N/A,N/A,N/A,N/A,N/A
Tuesday,7/23/2019,24,46,50,55,60,2,N,N/A,N/A,N/A,N/A,N/A,N/A,N/A,N/A
Monday,7/22/2019,5,21,28,56,58,3,N,N/A,N/A,N/A,N/A,N/A,N/A,N/A,N/A
Sunday,7/21/2019,5,13,25,50,58,2,N,N/A,N/A,N/A,N/A,N/A,N/A,N/A,N/A
Saturday,7/20/2019,4,24,39,58,59,4,N,N/A,N/A,N/A,N/A,N/A,N/A,N/A,N/A
Friday,7/19/2019,11,22,34,51,59,4,N,N/A,N/A,N/A,N/A,N/A,N/A,N/A,N/A
Thursday,7/18/2019,23,25,27,31,40,2,N,N/A,N/A,N/A,N/A,N/A,N/A,N/A,N/A
Wednesday,7/17/2019,9,18,35,59,60,3,N,N/A,N/A,N/A,N/A,N/A,N/A,N/A,N/A
Tuesday,7/16/2019,14,15,19,25,29,4,N,N/A,N/A,N/A,N/A,N/A,N/A,N/A,N/A
Monday,7/15/2019,7,25,33,38,47,3,N,N/A,N/A,N/A,N/A,N/A,N/A,N/A,N/A
Sunday,7/14/2019,12,18,20,30,44,2,N,N/A,N/A,N/A,N/A,N/A,N/A,N/A,N/A
Saturday,7/13/2019,2,5,16,30,59,3,N,N/A,N/A,N/A,N/A,N/A,N/A,N/A,N/A
Friday,7/12/2019,7,31,38,51,59,1,N,N/A,N/A,N/A,N/A,N/A,N/A,N/A,N/A
Thursday,7/11/2019,4,29,40,47,48,2,N,N/A,N/A,N/A,N/A,N/A,N/A,N/A,N/A
Wednesday,7/10/2019,9,20,34,58,60,4,N,N/A,N/A,N/A,N/A,N/A,N/A,N/A,N/A
Tuesday,7/9/2019,8,10,18,24,48,4,N,N/A,N/A,N/A,N/A,N/A,N/A,N/A,N/A
Monday,7/8/2019,7,15,19,45,55,3,N,N/A,N/A,N/A,N/A,N/A,N/A,N/A,N/A
Sunday,7/7/2019,4,24,34,39,55,3,N,N/A,N/A,N/A,N/A,N/A,N/A,N/A,N/A
Saturday,7/6/2019,1,5,28,32,53,1,N,N/A,N/A,N/A,N/A,N/A,N/A,N/A,N/A
Friday,7/5/2019,15,39,40,43,53,2,N,N/A,N/A,N/A,N/A,N/A,N/A,N/A,N/A
Thursday,7/4/2019,2,9,18,25,51,3,N,N/A,N/A,N/A,N/A,N/A,N/A,N/A,N/A
Wednesday,7/3/2019,6,8,51,55,57,3,N,N/A,N/A,N/A,N/A,N/A,N/A,N/A,N/A
Tuesday,7/2/2019,5,10,41,53,54,2,N,N/A,N/A,N/A,N/A,N/A,N/A,N/A,N/A
Monday,7/1/2019,8,32,34,45,51,3,N,N/A,N/A,N/A,N/A,N/A,N/A,N/A,N/A
Thursday,6/27/2019,11,14,17,28,39,1,N,N/A,N/A,N/A,N/A,N/A,N/A,N/A,N/A
Monday,6/24/2019,7,10,18,21,28,4,N,N/A,N/A,N/A,N/A,N/A,N/A,N/A,N/A
Thursday,6/20/2019,34,43,45,56,57,2,N,N/A,N/A,N/A,N/A,N/A,N/A,N/A,N/A
Monday,6/17/2019,31,36,45,46,59,4,N,N/A,N/A,N/A,N/A,N/A,N/A,N/A,N/A
Thursday,6/13/2019,13,27,32,35,40,2,Y,"ORLANDO, FL 32839",PUBLIX 1387,"4000 N GOLDENROD ROAD, WINTER PARK","$1,000_WEEK",ANNUAL PAYMENT,1040000,Y,1
Monday,6/10/2019,25,28,38,40,48,2,N,N/A,N/A,N/A,N/A,N/A,N/A,N/A,N/A
Thursday,6/6/2019,6,16,27,41,58,3,N,N/A,N/A,N/A,N/A,N/A,N/A,N/A,N/A
Monday,6/3/2019,17,25,45,53,59,2,N,N/A,N/A,N/A,N/A,N/A,N/A,N/A,N/A
Thursday,5/30/2019,2,23,40,51,59,1,N,N/A,N/A,N/A,N/A,N/A,N/A,N/A,N/A
Monday,5/27/2019,22,24,33,36,51,1,N,N/A,N/A,N/A,N/A,N/A,N/A,N/A,N/A
Thursday,5/23/2019,34,38,40,41,49,4,N,N/A,N/A,N/A,N/A,N/A,N/A,N/A,N/A
Monday,5/20/2019,4,11,14,20,24,4,N,N/A,N/A,N/A,N/A,N/A,N/A,N/A,N/A
Thursday,5/16/2019,1,36,45,53,56,1,N,N/A,N/A,N/A,N/A,N/A,N/A,N/A,N/A
Monday,5/13/2019,27,29,39,42,50,3,N,N/A,N/A,N/A,N/A,N/A,N/A,N/A,N/A
Thursday,5/9/2019,12,22,27,43,46,3,N,N/A,N/A,N/A,N/A,N/A,N/A,N/A,N/A
Monday,5/6/2019,32,34,47,48,51,3,N,N/A,N/A,N/A,N/A,N/A,N/A,N/A,N/A
Thursday,5/2/2019,6,10,16,36,45,2,N,N/A,N/A,N/A,N/A,N/A,N/A,N/A,N/A
Monday,4/29/2019,1,21,24,30,35,1,N,N/A,N/A,N/A,N/A,N/A,N/A,N/A,N/A
Thursday,4/25/2019,37,47,52,55,60,3,N,N/A,N/A,N/A,N/A,N/A,N/A,N/A,N/A
Monday,4/22/2019,17,20,24,33,57,4,N,N/A,N/A,N/A,N/A,N/A,N/A,N/A,N/A
Thursday,4/18/2019,22,30,33,49,55,1,N,N/A,N/A,N/A,N/A,N/A,N/A,N/A,N/A
Monday,4/15/2019,3,13,19,36,50,2,Y,"NAPLES, FL 34117",PUBLIX 1208,"12975 COLLIER BOULEVARD, NAPLES","$1,000_WEEK",ANNUAL PAYMENT,1040000,N,1
Thursday,4/11/2019,6,9,34,37,43,4,N,N/A,N/A,N/A,N/A,N/A,N/A,N/A,N/A
Monday,4/8/2019,3,11,23,34,36,2,N,N/A,N/A,N/A,N/A,N/A,N/A,N/A,N/A
Thursday,4/4/2019,3,6,8,9,35,4,N,N/A,N/A,N/A,N/A,N/A,N/A,N/A,N/A
Monday,4/1/2019,2,37,43,48,51,3,N,N/A,N/A,N/A,N/A,N/A,N/A,N/A,N/A
Thursday,3/28/2019,4,6,21,37,58,1,N,N/A,N/A,N/A,N/A,N/A,N/A,N/A,N/A
Monday,3/25/2019,17,25,33,47,51,4,N,N/A,N/A,N/A,N/A,N/A,N/A,N/A,N/A
Thursday,3/21/2019,15,21,27,31,52,4,N,N/A,N/A,N/A,N/A,N/A,N/A,N/A,N/A
Monday,3/18/2019,11,26,39,49,50,2,N,N/A,N/A,N/A,N/A,N/A,N/A,N/A,N/A
Thursday,3/14/2019,11,13,32,51,55,1,N,N/A,N/A,N/A,N/A,N/A,N/A,N/A,N/A
Monday,3/11/2019,12,17,18,38,46,2,N,N/A,N/A,N/A,N/A,N/A,N/A,N/A,N/A
Thursday,3/7/2019,7,14,20,38,58,1,N,N/A,N/A,N/A,N/A,N/A,N/A,N/A,N/A
Monday,3/4/2019,6,9,45,49,55,4,N,N/A,N/A,N/A,N/A,N/A,N/A,N/A,N/A
Thursday,2/28/2019,3,15,18,21,35,2,N,N/A,N/A,N/A,N/A,N/A,N/A,N/A,N/A
Monday,2/25/2019,18,24,42,55,58,3,N,N/A,N/A,N/A,N/A,N/A,N/A,N/A,N/A
Thursday,2/21/2019,3,4,34,38,39,2,N,N/A,N/A,N/A,N/A,N/A,N/A,N/A,N/A
Monday,2/18/2019,1,37,39,48,54,4,N,N/A,N/A,N/A,N/A,N/A,N/A,N/A,N/A
Thursday,2/14/2019,7,10,21,33,48,2,N,N/A,N/A,N/A,N/A,N/A,N/A,N/A,N/A
Monday,2/11/2019,1,2,39,50,60,4,N,N/A,N/A,N/A,N/A,N/A,N/A,N/A,N/A
Thursday,2/7/2019,20,28,50,51,60,3,N,N/A,N/A,N/A,N/A,N/A,N/A,N/A,N/A
Monday,2/4/2019,3,17,33,39,40,4,N,N/A,N/A,N/A,N/A,N/A,N/A,N/A,N/A
Thursday,1/31/2019,14,16,26,39,56,4,N,N/A,N/A,N/A,N/A,N/A,N/A,N/A,N/A
Monday,1/28/2019,22,24,26,42,51,3,N,N/A,N/A,N/A,N/A,N/A,N/A,N/A,N/A
Thursday,1/24/2019,13,34,36,49,55,3,N,N/A,N/A,N/A,N/A,N/A,N/A,N/A,N/A
Monday,1/21/2019,4,8,27,28,32,4,N,N/A,N/A,N/A,N/A,N/A,N/A,N/A,N/A
Thursday,1/17/2019,1,22,23,29,52,2,N,N/A,N/A,N/A,N/A,N/A,N/A,N/A,N/A
Monday,1/14/2019,17,18,42,50,57,1,N,N/A,N/A,N/A,N/A,N/A,N/A,N/A,N/A
Thursday,1/10/2019,5,44,45,47,54,3,N,N/A,N/A,N/A,N/A,N/A,N/A,N/A,N/A
Monday,1/7/2019,20,27,34,57,59,2,N,N/A,N/A,N/A,N/A,N/A,N/A,N/A,N/A
Thursday,1/3/2019,5,9,25,33,55,2,N,N/A,N/A,N/A,N/A,N/A,N/A,N/A,N/A
Monday,12/31/2018,18,28,39,46,54,2,N,N/A,N/A,N/A,N/A,N/A,N/A,N/A,N/A
Thursday,12/27/2018,1,7,36,50,52,4,N,N/A,N/A,N/A,N/A,N/A,N/A,N/A,N/A
Monday,12/24/2018,3,28,31,37,40,2,N,N/A,N/A,N/A,N/A,N/A,N/A,N/A,N/A
Thursday,12/20/2018,4,29,30,40,47,4,N,N/A,N/A,N/A,N/A,N/A,N/A,N/A,N/A
Monday,12/17/2018,9,19,21,44,50,1,N,N/A,N/A,N/A,N/A,N/A,N/A,N/A,N/A
Thursday,12/13/2018,4,11,18,23,47,2,N,N/A,N/A,N/A,N/A,N/A,N/A,N/A,N/A
Monday,12/10/2018,11,28,41,47,53,3,Y,"MELBOURNE, FL 32935",PUBLIX 1353,"2261 W NEW HAVEN AVENUE, WEST
MELBOURNE","$1,000_WEEK",CASH OPTION,1000000,Y,1
Thursday,12/6/2018,28,32,35,42,48,4,N,N/A,N/A,N/A,N/A,N/A,N/A,N/A,N/A
Monday,12/3/2018,5,30,40,58,60,4,N,N/A,N/A,N/A,N/A,N/A,N/A,N/A,N/A
Thursday,11/29/2018,29,41,48,52,57,4,N,N/A,N/A,N/A,N/A,N/A,N/A,N/A,N/A
Monday,11/26/2018,18,32,35,52,58,2,N,N/A,N/A,N/A,N/A,N/A,N/A,N/A,N/A
Thursday,11/22/2018,18,24,41,43,55,4,N,N/A,N/A,N/A,N/A,N/A,N/A,N/A,N/A
Monday,11/19/2018,14,16,28,46,49,4,N,N/A,N/A,N/A,N/A,N/A,N/A,N/A,N/A
Thursday,11/15/2018,15,24,36,37,41,2,N,N/A,N/A,N/A,N/A,N/A,N/A,N/A,N/A
Monday,11/12/2018,4,15,44,51,52,2,N,N/A,N/A,N/A,N/A,N/A,N/A,N/A,N/A
Thursday,11/8/2018,31,35,42,44,52,4,N,N/A,N/A,N/A,N/A,N/A,N/A,N/A,N/A
Monday,11/5/2018,19,39,40,47,60,4,N,N/A,N/A,N/A,N/A,N/A,N/A,N/A,N/A
Thursday,11/1/2018,3,11,32,51,56,2,N,N/A,N/A,N/A,N/A,N/A,N/A,N/A,N/A
Monday,10/29/2018,7,23,25,35,38,4,N,N/A,N/A,N/A,N/A,N/A,N/A,N/A,N/A
Thursday,10/25/2018,27,33,34,42,43,4,N,N/A,N/A,N/A,N/A,N/A,N/A,N/A,N/A
Monday,10/22/2018,1,11,19,24,46,1,N,N/A,N/A,N/A,N/A,N/A,N/A,N/A,N/A
Thursday,10/18/2018,7,8,16,20,44,3,N,N/A,N/A,N/A,N/A,N/A,N/A,N/A,N/A
Monday,10/15/2018,21,23,31,55,57,4,N,N/A,N/A,N/A,N/A,N/A,N/A,N/A,N/A
Thursday,10/11/2018,21,27,46,51,53,4,N,N/A,N/A,N/A,N/A,N/A,N/A,N/A,N/A
Monday,10/8/2018,11,26,30,41,45,1,N,N/A,N/A,N/A,N/A,N/A,N/A,N/A,N/A
Thursday,10/4/2018,6,8,26,34,42,3,N,N/A,N/A,N/A,N/A,N/A,N/A,N/A,N/A
Monday,10/1/2018,2,21,31,36,52,1,N,N/A,N/A,N/A,N/A,N/A,N/A,N/A,N/A
Thursday,9/27/2018,21,25,34,38,42,2,N,N/A,N/A,N/A,N/A,N/A,N/A,N/A,N/A
Monday,9/24/2018,7,19,22,37,49,1,N,N/A,N/A,N/A,N/A,N/A,N/A,N/A,N/A
Thursday,9/20/2018,26,32,47,49,51,2,N,N/A,N/A,N/A,N/A,N/A,N/A,N/A,N/A
Monday,9/17/2018,12,13,26,43,54,3,N,N/A,N/A,N/A,N/A,N/A,N/A,N/A,N/A
Thursday,9/13/2018,21,26,42,51,59,1,N,N/A,N/A,N/A,N/A,N/A,N/A,N/A,N/A
Monday,9/10/2018,8,13,19,41,42,4,N,N/A,N/A,N/A,N/A,N/A,N/A,N/A,N/A
Thursday,9/6/2018,6,11,13,32,38,3,N,N/A,N/A,N/A,N/A,N/A,N/A,N/A,N/A
Monday,9/3/2018,19,22,24,31,37,1,N,N/A,N/A,N/A,N/A,N/A,N/A,N/A,N/A
Thursday,8/30/2018,5,45,50,52,53,1,N,N/A,N/A,N/A,N/A,N/A,N/A,N/A,N/A
Monday,8/27/2018,18,22,30,35,53,1,N,N/A,N/A,N/A,N/A,N/A,N/A,N/A,N/A
Thursday,8/23/2018,5,23,26,31,51,3,N,N/A,N/A,N/A,N/A,N/A,N/A,N/A,N/A
Monday,8/20/2018,6,23,27,45,54,1,N,N/A,N/A,N/A,N/A,N/A,N/A,N/A,N/A
Thursday,8/16/2018,9,25,28,29,48,1,N,N/A,N/A,N/A,N/A,N/A,N/A,N/A,N/A
Monday,8/13/2018,7,9,17,39,58,4,N,N/A,N/A,N/A,N/A,N/A,N/A,N/A,N/A
Thursday,8/9/2018,1,24,26,48,60,1,N,N/A,N/A,N/A,N/A,N/A,N/A,N/A,N/A
Monday,8/6/2018,13,50,53,58,60,3,N,N/A,N/A,N/A,N/A,N/A,N/A,N/A,N/A
Thursday,8/2/2018,1,10,14,29,30,1,N,N/A,N/A,N/A,N/A,N/A,N/A,N/A,N/A
Monday,7/30/2018,21,45,48,51,58,1,N,N/A,N/A,N/A,N/A,N/A,N/A,N/A,N/A
Thursday,7/26/2018,2,20,33,38,45,4,N,N/A,N/A,N/A,N/A,N/A,N/A,N/A,N/A
Monday,7/23/2018,4,13,25,27,58,4,N,N/A,N/A,N/A,N/A,N/A,N/A,N/A,N/A
Thursday,7/19/2018,9,12,20,38,52,1,N,N/A,N/A,N/A,N/A,N/A,N/A,N/A,N/A
Monday,7/16/2018,17,18,45,46,55,1,Y,"NORTH LAUDERDALE, FL 33068",MURPHY USA 6825,"2320 W ATLANTIC BOULEVARD, POMPANO
BEACH","$1,000_WEEK",CASH OPTION,1000000,Y,1
Thursday,7/12/2018,1,20,28,48,56,4,Y,"CUTLER BAY, FL 33189",PUBLIX 478,"20711 S DIXIE HIGHWAY, MIAMI","$1,000_WEEK",CASH OPTION,1000000,Y,1
Monday,7/9/2018,9,12,16,20,60,1,N,N/A,N/A,N/A,N/A,N/A,N/A,N/A,N/A
Thursday,7/5/2018,16,21,28,31,44,4,N,N/A,N/A,N/A,N/A,N/A,N/A,N/A,N/A
Monday,7/2/2018,4,13,24,53,59,1,N,N/A,N/A,N/A,N/A,N/A,N/A,N/A,N/A
Thursday,6/28/2018,4,13,17,34,49,1,N,N/A,N/A,N/A,N/A,N/A,N/A,N/A,N/A
Monday,6/25/2018,12,33,37,55,58,4,N,N/A,N/A,N/A,N/A,N/A,N/A,N/A,N/A
Thursday,6/21/2018,3,13,16,17,24,3,N,N/A,N/A,N/A,N/A,N/A,N/A,N/A,N/A
Monday,6/18/2018,4,27,28,40,59,2,N,N/A,N/A,N/A,N/A,N/A,N/A,N/A,N/A
Thursday,6/14/2018,12,14,24,27,55,4,N,N/A,N/A,N/A,N/A,N/A,N/A,N/A,N/A
Monday,6/11/2018,14,32,33,43,55,4,N,N/A,N/A,N/A,N/A,N/A,N/A,N/A,N/A
Thursday,6/7/2018,17,22,38,42,45,4,N,N/A,N/A,N/A,N/A,N/A,N/A,N/A,N/A
Monday,6/4/2018,4,13,30,38,53,3,N,N/A,N/A,N/A,N/A,N/A,N/A,N/A,N/A
Thursday,5/31/2018,1,28,42,47,55,4,N,N/A,N/A,N/A,N/A,N/A,N/A,N/A,N/A
Monday,5/28/2018,13,29,31,34,47,1,N,N/A,N/A,N/A,N/A,N/A,N/A,N/A,N/A
Thursday,5/24/2018,5,13,35,49,56,2,N,N/A,N/A,N/A,N/A,N/A,N/A,N/A,N/A
Monday,5/21/2018,8,18,22,37,44,1,N,N/A,N/A,N/A,N/A,N/A,N/A,N/A,N/A
Thursday,5/17/2018,8,40,41,43,51,2,N,N/A,N/A,N/A,N/A,N/A,N/A,N/A,N/A
Monday,5/14/2018,1,4,6,13,32,2,N,N/A,N/A,N/A,N/A,N/A,N/A,N/A,N/A
Thursday,5/10/2018,11,36,41,43,48,4,N,N/A,N/A,N/A,N/A,N/A,N/A,N/A,N/A
Monday,5/7/2018,4,15,19,22,51,2,N,N/A,N/A,N/A,N/A,N/A,N/A,N/A,N/A
Thursday,5/3/2018,2,7,11,30,59,3,N,N/A,N/A,N/A,N/A,N/A,N/A,N/A,N/A
Monday,4/30/2018,2,11,14,45,49,3,N,N/A,N/A,N/A,N/A,N/A,N/A,N/A,N/A
Thursday,4/26/2018,7,32,33,36,59,3,N,N/A,N/A,N/A,N/A,N/A,N/A,N/A,N/A
Monday,4/23/2018,16,21,22,47,52,3,N,N/A,N/A,N/A,N/A,N/A,N/A,N/A,N/A
Thursday,4/19/2018,4,15,28,35,42,2,N,N/A,N/A,N/A,N/A,N/A,N/A,N/A,N/A
Monday,4/16/2018,8,11,15,26,50,3,N,N/A,N/A,N/A,N/A,N/A,N/A,N/A,N/A
Thursday,4/12/2018,2,6,14,22,40,1,N,N/A,N/A,N/A,N/A,N/A,N/A,N/A,N/A
Monday,4/9/2018,10,19,29,45,48,4,N,N/A,N/A,N/A,N/A,N/A,N/A,N/A,N/A
Thursday,4/5/2018,3,10,21,24,59,1,N,N/A,N/A,N/A,N/A,N/A,N/A,N/A,N/A
Monday,4/2/2018,7,12,21,24,40,2,N,N/A,N/A,N/A,N/A,N/A,N/A,N/A,N/A
Thursday,3/29/2018,34,35,36,46,58,1,N,N/A,N/A,N/A,N/A,N/A,N/A,N/A,N/A
Monday,3/26/2018,2,9,23,47,54,3,N,N/A,N/A,N/A,N/A,N/A,N/A,N/A,N/A
Thursday,3/22/2018,2,8,15,40,41,4,N,N/A,N/A,N/A,N/A,N/A,N/A,N/A,N/A
Monday,3/19/2018,3,26,30,51,53,4,N,N/A,N/A,N/A,N/A,N/A,N/A,N/A,N/A
Thursday,3/15/2018,11,12,31,49,59,1,N,N/A,N/A,N/A,N/A,N/A,N/A,N/A,N/A
Monday,3/12/2018,5,29,35,36,49,4,N,N/A,N/A,N/A,N/A,N/A,N/A,N/A,N/A
Thursday,3/8/2018,6,34,36,44,55,4,N,N/A,N/A,N/A,N/A,N/A,N/A,N/A,N/A
Monday,3/5/2018,1,47,52,54,58,2,N,N/A,N/A,N/A,N/A,N/A,N/A,N/A,N/A
Thursday,3/1/2018,5,6,7,12,36,2,N,N/A,N/A,N/A,N/A,N/A,N/A,N/A,N/A
Monday,2/26/2018,29,31,40,45,59,3,N,N/A,N/A,N/A,N/A,N/A,N/A,N/A,N/A
Thursday,2/22/2018,26,28,38,47,51,1,N,N/A,N/A,N/A,N/A,N/A,N/A,N/A,N/A
Monday,2/19/2018,10,16,23,31,53,2,N,N/A,N/A,N/A,N/A,N/A,N/A,N/A,N/A
Thursday,2/15/2018,1,43,44,53,54,1,N,N/A,N/A,N/A,N/A,N/A,N/A,N/A,N/A
Monday,2/12/2018,1,5,17,21,33,4,N,N/A,N/A,N/A,N/A,N/A,N/A,N/A,N/A
Thursday,2/8/2018,9,37,47,51,55,4,N,N/A,N/A,N/A,N/A,N/A,N/A,N/A,N/A
Monday,2/5/2018,30,36,39,55,60,1,N,N/A,N/A,N/A,N/A,N/A,N/A,N/A,N/A
Thursday,2/1/2018,10,20,21,25,52,1,N,N/A,N/A,N/A,N/A,N/A,N/A,N/A,N/A
Monday,1/29/2018,6,11,14,16,52,1,N,N/A,N/A,N/A,N/A,N/A,N/A,N/A,N/A
Thursday,1/25/2018,1,6,24,41,44,2,N,N/A,N/A,N/A,N/A,N/A,N/A,N/A,N/A
Monday,1/22/2018,1,5,10,28,57,3,N,N/A,N/A,N/A,N/A,N/A,N/A,N/A,N/A
Thursday,1/18/2018,26,36,42,58,60,1,N,N/A,N/A,N/A,N/A,N/A,N/A,N/A,N/A
Monday,1/15/2018,12,25,31,33,58,4,N,N/A,N/A,N/A,N/A,N/A,N/A,N/A,N/A
Thursday,1/11/2018,18,22,23,41,53,1,N,N/A,N/A,N/A,N/A,N/A,N/A,N/A,N/A
Monday,1/8/2018,3,11,44,47,58,3,Y,"PORT SAINT LUCIE, FL 34983",PUBLIX 0639,"900 NE OCEAN BOULEVARD, STUART","$1,000_WEEK",CASH OPTION,1000000,Y,1
Thursday,1/4/2018,12,22,42,43,53,3,N,N/A,N/A,N/A,N/A,N/A,N/A,N/A,N/A
Monday,1/1/2018,12,18,20,31,38,4,N,N/A,N/A,N/A,N/A,N/A,N/A,N/A,N/A
Thursday,12/28/2017,9,14,24,41,46,2,N,N/A,N/A,N/A,N/A,N/A,N/A,N/A,N/A
Monday,12/25/2017,2,18,34,42,57,3,N,N/A,N/A,N/A,N/A,N/A,N/A,N/A,N/A
Thursday,12/21/2017,1,9,25,37,60,1,N,N/A,N/A,N/A,N/A,N/A,N/A,N/A,N/A
Monday,12/18/2017,8,9,12,21,45,1,N,N/A,N/A,N/A,N/A,N/A,N/A,N/A,N/A
Thursday,12/14/2017,7,24,32,44,52,3,N,N/A,N/A,N/A,N/A,N/A,N/A,N/A,N/A
Monday,12/11/2017,2,16,30,40,53,3,N,N/A,N/A,N/A,N/A,N/A,N/A,N/A,N/A
Thursday,12/7/2017,2,5,39,54,56,3,N,N/A,N/A,N/A,N/A,N/A,N/A,N/A,N/A
Monday,12/4/2017,16,17,46,51,52,1,N,N/A,N/A,N/A,N/A,N/A,N/A,N/A,N/A
Thursday,11/30/2017,2,5,18,23,59,1,N,N/A,N/A,N/A,N/A,N/A,N/A,N/A,N/A
Monday,11/27/2017,25,27,42,50,57,1,N,N/A,N/A,N/A,N/A,N/A,N/A,N/A,N/A
Thursday,11/23/2017,4,33,56,58,59,4,N,N/A,N/A,N/A,N/A,N/A,N/A,N/A,N/A
Monday,11/20/2017,3,4,22,38,59,3,N,N/A,N/A,N/A,N/A,N/A,N/A,N/A,N/A
Thursday,11/16/2017,15,16,19,42,52,3,N,N/A,N/A,N/A,N/A,N/A,N/A,N/A,N/A
Monday,11/13/2017,9,17,21,29,58,3,N,N/A,N/A,N/A,N/A,N/A,N/A,N/A,N/A
Thursday,11/9/2017,3,12,30,39,60,1,N,N/A,N/A,N/A,N/A,N/A,N/A,N/A,N/A
Monday,11/6/2017,4,10,22,24,42,2,N,N/A,N/A,N/A,N/A,N/A,N/A,N/A,N/A
Thursday,11/2/2017,14,43,55,57,60,4,N,N/A,N/A,N/A,N/A,N/A,N/A,N/A,N/A
Monday,10/30/2017,6,22,23,36,42,2,N,N/A,N/A,N/A,N/A,N/A,N/A,N/A,N/A
Thursday,10/26/2017,3,12,17,27,55,2,N,N/A,N/A,N/A,N/A,N/A,N/A,N/A,N/A
Monday,10/23/2017,16,31,34,41,57,4,N,N/A,N/A,N/A,N/A,N/A,N/A,N/A,N/A
Thursday,10/19/2017,15,16,39,41,46,2,N,N/A,N/A,N/A,N/A,N/A,N/A,N/A,N/A
Monday,10/16/2017,3,11,32,49,55,4,Y,"SPRING HILL, FL 34611",PUBLIX 0813,"4158 MARINER BOULEVARD, SPRING HILL","$1,000_WEEK",CASH OPTION,1000000,Y,1
Thursday,10/12/2017,12,33,41,45,60,2,N,N/A,N/A,N/A,N/A,N/A,N/A,N/A,N/A
Monday,10/9/2017,18,20,38,42,44,4,N,N/A,N/A,N/A,N/A,N/A,N/A,N/A,N/A
Thursday,10/5/2017,12,14,31,38,41,2,N,N/A,N/A,N/A,N/A,N/A,N/A,N/A,N/A
Monday,10/2/2017,10,35,38,48,57,4,N,N/A,N/A,N/A,N/A,N/A,N/A,N/A,N/A
Thursday,9/28/2017,16,31,34,50,60,3,N,N/A,N/A,N/A,N/A,N/A,N/A,N/A,N/A
Monday,9/25/2017,7,26,53,55,56,3,N,N/A,N/A,N/A,N/A,N/A,N/A,N/A,N/A
Thursday,9/21/2017,4,16,18,32,47,2,N,N/A,N/A,N/A,N/A,N/A,N/A,N/A,N/A
Monday,9/18/2017,4,21,26,35,42,2,N,N/A,N/A,N/A,N/A,N/A,N/A,N/A,N/A
Thursday,9/14/2017,5,12,13,41,44,4,N,N/A,N/A,N/A,N/A,N/A,N/A,N/A,N/A
Monday,9/11/2017,26,34,42,48,57,1,N,N/A,N/A,N/A,N/A,N/A,N/A,N/A,N/A
Thursday,9/7/2017,2,5,7,55,57,3,N,N/A,N/A,N/A,N/A,N/A,N/A,N/A,N/A
Monday,9/4/2017,2,11,20,36,46,1,N,N/A,N/A,N/A,N/A,N/A,N/A,N/A,N/A
Thursday,8/31/2017,30,34,36,56,59,1,N,N/A,N/A,N/A,N/A,N/A,N/A,N/A,N/A
Monday,8/28/2017,4,9,20,42,46,2,N,N/A,N/A,N/A,N/A,N/A,N/A,N/A,N/A
Thursday,8/24/2017,2,4,32,57,60,3,Y,"TAMPA, FL 33646",PUBLIX 1373,"16041 TAMPA PALMS BOULEVARD WEST,
TAMPA","$1,000_WEEK",CASH OPTION,1000000,Y,1
Monday,8/21/2017,7,8,12,35,39,4,N,N/A,N/A,N/A,N/A,N/A,N/A,N/A,N/A
Thursday,8/17/2017,11,15,21,23,58,3,N,N/A,N/A,N/A,N/A,N/A,N/A,N/A,N/A
Monday,8/14/2017,8,20,31,36,39,2,N,N/A,N/A,N/A,N/A,N/A,N/A,N/A,N/A
Thursday,8/10/2017,4,5,28,33,42,4,N,N/A,N/A,N/A,N/A,N/A,N/A,N/A,N/A
Monday,8/7/2017,6,20,25,32,50,2,N,N/A,N/A,N/A,N/A,N/A,N/A,N/A,N/A
Thursday,8/3/2017,9,12,19,29,34,2,N,N/A,N/A,N/A,N/A,N/A,N/A,N/A,N/A
Monday,7/31/2017,7,9,47,54,60,3,N,N/A,N/A,N/A,N/A,N/A,N/A,N/A,N/A
Thursday,7/27/2017,32,37,38,42,43,2,N,N/A,N/A,N/A,N/A,N/A,N/A,N/A,N/A
Monday,7/24/2017,7,20,21,41,59,1,N,N/A,N/A,N/A,N/A,N/A,N/A,N/A,N/A
Thursday,7/20/2017,26,37,40,42,50,1,N,N/A,N/A,N/A,N/A,N/A,N/A,N/A,N/A
Monday,7/17/2017,8,17,27,28,39,2,N,N/A,N/A,N/A,N/A,N/A,N/A,N/A,N/A
Thursday,7/13/2017,6,17,32,45,59,3,N,N/A,N/A,N/A,N/A,N/A,N/A,N/A,N/A
Monday,7/10/2017,13,19,34,38,53,1,N,N/A,N/A,N/A,N/A,N/A,N/A,N/A,N/A
Thursday,7/6/2017,4,9,39,44,52,2,N,N/A,N/A,N/A,N/A,N/A,N/A,N/A,N/A
Monday,7/3/2017,4,28,40,41,48,3,N,N/A,N/A,N/A,N/A,N/A,N/A,N/A,N/A
Thursday,6/29/2017,7,8,13,18,48,2,N,N/A,N/A,N/A,N/A,N/A,N/A,N/A,N/A
Monday,6/26/2017,8,33,39,40,49,2,N,N/A,N/A,N/A,N/A,N/A,N/A,N/A,N/A
Thursday,6/22/2017,31,40,45,54,57,3,N,N/A,N/A,N/A,N/A,N/A,N/A,N/A,N/A
Monday,6/19/2017,2,10,15,33,58,4,N,N/A,N/A,N/A,N/A,N/A,N/A,N/A,N/A
Thursday,6/15/2017,1,9,17,26,55,1,N,N/A,N/A,N/A,N/A,N/A,N/A,N/A,N/A
Monday,6/12/2017,10,11,44,53,57,3,N,N/A,N/A,N/A,N/A,N/A,N/A,N/A,N/A
Thursday,6/8/2017,24,27,43,50,60,3,N,N/A,N/A,N/A,N/A,N/A,N/A,N/A,N/A
Monday,6/5/2017,3,29,32,48,56,1,N,N/A,N/A,N/A,N/A,N/A,N/A,N/A,N/A
Thursday,6/1/2017,5,9,46,55,58,4,N,N/A,N/A,N/A,N/A,N/A,N/A,N/A,N/A
Monday,5/29/2017,18,22,23,25,49,4,N,N/A,N/A,N/A,N/A,N/A,N/A,N/A,N/A
Thursday,5/25/2017,6,7,13,16,30,1,N,N/A,N/A,N/A,N/A,N/A,N/A,N/A,N/A
Monday,5/22/2017,4,6,25,31,47,1,N,N/A,N/A,N/A,N/A,N/A,N/A,N/A,N/A
Thursday,5/18/2017,4,29,30,55,58,3,N,N/A,N/A,N/A,N/A,N/A,N/A,N/A,N/A
Monday,5/15/2017,2,27,28,34,39,3,N,N/A,N/A,N/A,N/A,N/A,N/A,N/A,N/A
Thursday,5/11/2017,6,20,30,34,36,1,N,N/A,N/A,N/A,N/A,N/A,N/A,N/A,N/A
Monday,5/8/2017,22,34,42,46,57,3,N,N/A,N/A,N/A,N/A,N/A,N/A,N/A,N/A
Thursday,5/4/2017,1,2,17,24,38,4,N,N/A,N/A,N/A,N/A,N/A,N/A,N/A,N/A
Monday,5/1/2017,7,19,23,24,40,2,N,N/A,N/A,N/A,N/A,N/A,N/A,N/A,N/A
Thursday,4/27/2017,2,20,27,29,53,4,N,N/A,N/A,N/A,N/A,N/A,N/A,N/A,N/A
Monday,4/24/2017,19,33,35,36,48,2,N,N/A,N/A,N/A,N/A,N/A,N/A,N/A,N/A
Thursday,4/20/2017,22,23,37,56,60,4,N,N/A,N/A,N/A,N/A,N/A,N/A,N/A,N/A
Monday,4/17/2017,5,9,12,33,46,4,N,N/A,N/A,N/A,N/A,N/A,N/A,N/A,N/A
Thursday,4/13/2017,17,19,49,50,56,4,N,N/A,N/A,N/A,N/A,N/A,N/A,N/A,N/A
Monday,4/10/2017,20,22,37,55,56,3,N,N/A,N/A,N/A,N/A,N/A,N/A,N/A,N/A
Thursday,4/6/2017,4,6,17,48,53,4,N,N/A,N/A,N/A,N/A,N/A,N/A,N/A,N/A
Monday,4/3/2017,12,15,28,46,57,2,N,N/A,N/A,N/A,N/A,N/A,N/A,N/A,N/A
Thursday,3/30/2017,24,38,40,44,49,2,N,N/A,N/A,N/A,N/A,N/A,N/A,N/A,N/A
Monday,3/27/2017,32,42,58,59,60,4,N,N/A,N/A,N/A,N/A,N/A,N/A,N/A,N/A
Thursday,3/23/2017,2,28,30,39,53,4,Y,"SEMINOLE, FL 33772",QUICK STOP,"6625 SEMINOLE BOULEVARD, SEMINOLE","$1,000_WEEK",CASH OPTION,1000000,Y,1
Monday,3/20/2017,13,22,41,46,56,2,N,N/A,N/A,N/A,N/A,N/A,N/A,N/A,N/A
Thursday,3/16/2017,13,14,36,48,57,2,N,N/A,N/A,N/A,N/A,N/A,N/A,N/A,N/A
Monday,3/13/2017,13,16,17,24,50,2,N,N/A,N/A,N/A,N/A,N/A,N/A,N/A,N/A
Thursday,3/9/2017,1,8,23,56,58,3,N,N/A,N/A,N/A,N/A,N/A,N/A,N/A,N/A
Monday,3/6/2017,1,5,14,22,50,2,N,N/A,N/A,N/A,N/A,N/A,N/A,N/A,N/A
Thursday,3/2/2017,3,7,11,30,42,3,Y,"YULEE, FL 32097",CIRCLE K 2745059,"925-A S 14TH STREET, FERNANDINA BEACH","$1,000_WEEK",CASH OPTION,1000000,Y,1
Monday,2/27/2017,6,19,28,57,60,1,N,N/A,N/A,N/A,N/A,N/A,N/A,N/A,N/A
Thursday,2/23/2017,3,24,38,43,52,3,N,N/A,N/A,N/A,N/A,N/A,N/A,N/A,N/A
Monday,2/20/2017,13,16,23,37,48,3,N,N/A,N/A,N/A,N/A,N/A,N/A,N/A,N/A
